{"type":"FeatureCollection","features":[{"type":"Feature","geometry":{"type":"Polygon","coordinates":[[[-81.16884,32.3494],[-81.16889,32.35011],[-81.16786,32.35086],[-81.16726,32.35104],[-81.16746,32.35095],[-81.16729,32.35075],[-81.16806,32.35032],[-81.16837,32.35001],[-81.16854,32.3495],[-81.16884,32.3494]]]},"properties":{"overlapId":"ov-desc-41-okatie-mcintosh-115kv-tie-add-series-rea--gpc-gen-mcintosh-expansion","type":"Freshwater Emergent Wetland","attribute":"PEM1C","acres":2.07}},{"type":"Feature","geometry":{"type":"Polygon","coordinates":[[[-81.17267,32.35031],[-81.17279,32.35064],[-81.17218,32.35149],[-81.17097,32.35269],[-81.1702,32.35315],[-81.16985,32.35309],[-81.16972,32.35277],[-81.17121,32.35168],[-81.17241,32.35033],[-81.17267,32.35031]]]},"properties":{"overlapId":"ov-desc-41-okatie-mcintosh-115kv-tie-add-series-rea--gpc-gen-mcintosh-expansion","type":"Freshwater Emergent Wetland","attribute":"PEM1Fx","acres":5.48}},{"type":"Feature","geometry":{"type":"Polygon","coordinates":[[[-81.17523,32.35879],[-81.17592,32.35861],[-81.17597,32.35882],[-81.17571,32.35909],[-81.17582,32.35931],[-81.1749,32.35933],[-81.17523,32.35879]]]},"properties":{"overlapId":"ov-desc-41-okatie-mcintosh-115kv-tie-add-series-rea--gpc-gen-mcintosh-expansion","type":"Freshwater Forested/Shrub Wetland","attribute":"PFO1/4A","acres":1.22}},{"type":"Feature","geometry":{"type":"Polygon","coordinates":[[[-81.16809,32.34899],[-81.16825,32.34886],[-81.16863,32.34896],[-81.169,32.3493],[-81.16854,32.3495],[-81.16815,32.34932],[-81.16809,32.34899]]]},"properties":{"overlapId":"ov-desc-41-okatie-mcintosh-115kv-tie-add-series-rea--gpc-gen-mcintosh-expansion","type":"Freshwater Forested/Shrub Wetland","attribute":"PFO1/4C","acres":0.95}},{"type":"Feature","geometry":{"type":"Polygon","coordinates":[[[-81.17827,32.35882],[-81.17749,32.35887],[-81.17745,32.35905],[-81.17722,32.3591],[-81.17669,32.35905],[-81.17648,32.35852],[-81.17682,32.35842],[-81.17742,32.35856],[-81.1776,32.35806],[-81.17798,32.35806],[-81.17821,32.35818],[-81.17827,32.35882]]]},"properties":{"overlapId":"ov-desc-41-okatie-mcintosh-115kv-tie-add-series-rea--gpc-gen-mcintosh-expansion","type":"Freshwater Forested/Shrub Wetland","attribute":"PFO1/4C","acres":2.7}},{"type":"Feature","geometry":{"type":"Polygon","coordinates":[[[-81.16951,32.34697],[-81.16953,32.34784],[-81.16978,32.34806],[-81.17004,32.34806],[-81.17028,32.3478],[-81.17098,32.34749],[-81.17197,32.3477],[-81.17214,32.34741],[-81.1724,32.34737],[-81.1731,32.34765],[-81.17041,32.34842],[-81.16937,32.34894],[-81.16911,32.34823],[-81.16919,32.34755],[-81.16898,32.34712],[-81.16921,32.34693],[-81.16951,32.34697]]]},"properties":{"overlapId":"ov-desc-41-okatie-mcintosh-115kv-tie-add-series-rea--gpc-gen-mcintosh-expansion","type":"Freshwater Forested/Shrub Wetland","attribute":"PFO1/4Ch","acres":6.86}},{"type":"Feature","geometry":{"type":"Polygon","coordinates":[[[-81.16316,32.34942],[-81.16337,32.35128],[-81.16209,32.35109],[-81.16193,32.34963],[-81.16177,32.34942],[-81.16316,32.34942]]]},"properties":{"overlapId":"ov-desc-41-okatie-mcintosh-115kv-tie-add-series-rea--gpc-gen-mcintosh-expansion","type":"Freshwater Forested/Shrub Wetland","attribute":"PFO1A","acres":5.91}},{"type":"Feature","geometry":{"type":"Polygon","coordinates":[[[-81.16201,32.35454],[-81.16222,32.35374],[-81.16234,32.35433],[-81.16271,32.35484],[-81.16216,32.35484],[-81.16201,32.35454]]]},"properties":{"overlapId":"ov-desc-41-okatie-mcintosh-115kv-tie-add-series-rea--gpc-gen-mcintosh-expansion","type":"Freshwater Forested/Shrub Wetland","attribute":"PFO1A","acres":0.82}},{"type":"Feature","geometry":{"type":"Polygon","coordinates":[[[-81.1711,32.35484],[-81.17185,32.35432],[-81.1723,32.35449],[-81.17019,32.3553],[-81.17033,32.35509],[-81.1711,32.35484]]]},"properties":{"overlapId":"ov-desc-41-okatie-mcintosh-115kv-tie-add-series-rea--gpc-gen-mcintosh-expansion","type":"Freshwater Forested/Shrub Wetland","attribute":"PFO1B","acres":1.18}},{"type":"Feature","geometry":{"type":"Polygon","coordinates":[[[-81.17244,32.35455],[-81.17199,32.355],[-81.17134,32.35505],[-81.17081,32.35571],[-81.17018,32.35544],[-81.17226,32.35457],[-81.17244,32.35455]]]},"properties":{"overlapId":"ov-desc-41-okatie-mcintosh-115kv-tie-add-series-rea--gpc-gen-mcintosh-expansion","type":"Freshwater Forested/Shrub Wetland","attribute":"PFO1B","acres":1.38}},{"type":"Feature","geometry":{"type":"Polygon","coordinates":[[[-81.15946,32.34949],[-81.1587,32.34943],[-81.15949,32.34943],[-81.15946,32.34949]]]},"properties":{"overlapId":"ov-desc-41-okatie-mcintosh-115kv-tie-add-series-rea--gpc-gen-mcintosh-expansion","type":"Freshwater Forested/Shrub Wetland","attribute":"PFO1C","acres":0.07}},{"type":"Feature","geometry":{"type":"Polygon","coordinates":[[[-81.16035,32.3495],[-81.161,32.35006],[-81.15955,32.34951],[-81.16035,32.3495]]]},"properties":{"overlapId":"ov-desc-41-okatie-mcintosh-115kv-tie-add-series-rea--gpc-gen-mcintosh-expansion","type":"Freshwater Forested/Shrub Wetland","attribute":"PFO1C","acres":0.54}},{"type":"Feature","geometry":{"type":"Polygon","coordinates":[[[-81.16353,32.34969],[-81.16376,32.35119],[-81.16337,32.35128],[-81.16318,32.34942],[-81.1637,32.34942],[-81.16353,32.34969]]]},"properties":{"overlapId":"ov-desc-41-okatie-mcintosh-115kv-tie-add-series-rea--gpc-gen-mcintosh-expansion","type":"Freshwater Forested/Shrub Wetland","attribute":"PFO1C","acres":1.95}},{"type":"Feature","geometry":{"type":"Polygon","coordinates":[[[-81.16326,32.35346],[-81.16341,32.35365],[-81.16337,32.35437],[-81.16263,32.35338],[-81.16326,32.35346]]]},"properties":{"overlapId":"ov-desc-41-okatie-mcintosh-115kv-tie-add-series-rea--gpc-gen-mcintosh-expansion","type":"Freshwater Forested/Shrub Wetland","attribute":"PFO1C","acres":1.05}},{"type":"Feature","geometry":{"type":"Polygon","coordinates":[[[-81.1627,32.3548],[-81.16234,32.35433],[-81.16215,32.35327],[-81.16221,32.35267],[-81.16277,32.35256],[-81.16283,32.35238],[-81.16245,32.35153],[-81.16272,32.35152],[-81.16306,32.35187],[-81.16405,32.35166],[-81.16413,32.35201],[-81.16395,32.35228],[-81.16361,32.35228],[-81.16306,32.35287],[-81.16306,32.35307],[-81.16263,32.35328],[-81.16289,32.35385],[-81.16372,32.35484],[-81.1627,32.3548]]]},"properties":{"overlapId":"ov-desc-41-okatie-mcintosh-115kv-tie-add-series-rea--gpc-gen-mcintosh-expansion","type":"Freshwater Forested/Shrub Wetland","attribute":"PFO1F","acres":7.22}},{"type":"Feature","geometry":{"type":"Polygon","coordinates":[[[-81.17749,32.35887],[-81.17782,32.35876],[-81.17821,32.35883],[-81.17745,32.35905],[-81.17749,32.35887]]]},"properties":{"overlapId":"ov-desc-41-okatie-mcintosh-115kv-tie-add-series-rea--gpc-gen-mcintosh-expansion","type":"Freshwater Forested/Shrub Wetland","attribute":"PFO1F","acres":0.29}},{"type":"Feature","geometry":{"type":"Polygon","coordinates":[[[-81.16378,32.35484],[-81.16337,32.35437],[-81.16341,32.35365],[-81.16314,32.35341],[-81.16263,32.35338],[-81.16263,32.35328],[-81.16306,32.35307],[-81.16306,32.35287],[-81.16361,32.35228],[-81.16392,32.35228],[-81.16353,32.35273],[-81.16386,32.35284],[-81.16397,32.35331],[-81.16377,32.35402],[-81.16394,32.35457],[-81.16378,32.35484]]]},"properties":{"overlapId":"ov-desc-41-okatie-mcintosh-115kv-tie-add-series-rea--gpc-gen-mcintosh-expansion","type":"Freshwater Forested/Shrub Wetland","attribute":"PSS1/4C","acres":3.47}},{"type":"Feature","geometry":{"type":"Polygon","coordinates":[[[-81.16909,32.34822],[-81.16938,32.34895],[-81.16918,32.34933],[-81.16891,32.3492],[-81.16918,32.34882],[-81.16909,32.34822]]]},"properties":{"overlapId":"ov-desc-41-okatie-mcintosh-115kv-tie-add-series-rea--gpc-gen-mcintosh-expansion","type":"Freshwater Pond","attribute":"PUBFh","acres":0.63}},{"type":"Feature","geometry":{"type":"Polygon","coordinates":[[[-81.16909,32.34822],[-81.16938,32.34895],[-81.16918,32.34933],[-81.16891,32.3492],[-81.16918,32.34882],[-81.16909,32.34822]]]},"properties":{"overlapId":"ov-desc-41-okatie-mcintosh-115kv-tie-add-series-rea--gpc-gen-mcintosh-expansion","type":"Freshwater Pond","attribute":"PUBFh","acres":0.63}},{"type":"Feature","geometry":{"type":"Polygon","coordinates":[[[-81.17347,32.34836],[-81.17354,32.34858],[-81.1736,32.34919],[-81.17262,32.34859],[-81.17347,32.34836]]]},"properties":{"overlapId":"ov-desc-41-okatie-mcintosh-115kv-tie-add-series-rea--gpc-gen-mcintosh-expansion","type":"Freshwater Pond","attribute":"PUBFx","acres":1.09}},{"type":"Feature","geometry":{"type":"Polygon","coordinates":[[[-81.17347,32.34836],[-81.17354,32.34858],[-81.1736,32.34919],[-81.17262,32.34859],[-81.17347,32.34836]]]},"properties":{"overlapId":"ov-desc-41-okatie-mcintosh-115kv-tie-add-series-rea--gpc-gen-mcintosh-expansion","type":"Freshwater Pond","attribute":"PUBFx","acres":1.09}},{"type":"Feature","geometry":{"type":"Polygon","coordinates":[[[-81.17057,32.35145],[-81.17223,32.34952],[-81.1725,32.34883],[-81.1729,32.34894],[-81.17263,32.34979],[-81.17073,32.3519],[-81.17044,32.3518],[-81.1704,32.352],[-81.17005,32.35209],[-81.17015,32.35221],[-81.1705,32.35216],[-81.16961,32.35265],[-81.16938,32.35244],[-81.16941,32.35222],[-81.17057,32.35145]]]},"properties":{"overlapId":"ov-desc-41-okatie-mcintosh-115kv-tie-add-series-rea--gpc-gen-mcintosh-expansion","type":"Freshwater Pond","attribute":"PUBFx","acres":5.72}},{"type":"Feature","geometry":{"type":"Polygon","coordinates":[[[-81.17057,32.35145],[-81.17223,32.34952],[-81.1725,32.34883],[-81.1729,32.34894],[-81.17263,32.34979],[-81.17073,32.3519],[-81.17044,32.3518],[-81.1704,32.352],[-81.17005,32.35209],[-81.17015,32.35221],[-81.1705,32.35216],[-81.16961,32.35265],[-81.16938,32.35244],[-81.16941,32.35222],[-81.17057,32.35145]]]},"properties":{"overlapId":"ov-desc-41-okatie-mcintosh-115kv-tie-add-series-rea--gpc-gen-mcintosh-expansion","type":"Freshwater Pond","attribute":"PUBFx","acres":5.72}},{"type":"Feature","geometry":{"type":"Polygon","coordinates":[[[-81.16584,32.35105],[-81.16645,32.35113],[-81.16713,32.35073],[-81.16746,32.35095],[-81.1669,32.35134],[-81.16655,32.35134],[-81.16619,32.35156],[-81.16557,32.35153],[-81.16554,32.35122],[-81.16584,32.35105]]]},"properties":{"overlapId":"ov-desc-41-okatie-mcintosh-115kv-tie-add-series-rea--gpc-gen-mcintosh-expansion","type":"Freshwater Pond","attribute":"PUBHh","acres":1.83}},{"type":"Feature","geometry":{"type":"Polygon","coordinates":[[[-81.18259,32.34957],[-81.18096,32.3505],[-81.18074,32.35053],[-81.18247,32.34956],[-81.18259,32.34957]]]},"properties":{"overlapId":"ov-desc-41-okatie-mcintosh-115kv-tie-add-series-rea--gpc-gen-mcintosh-expansion","type":"Freshwater Pond","attribute":"PUBHx","acres":0.39}},{"type":"Feature","geometry":{"type":"Polygon","coordinates":[[[-81.16557,32.35387],[-81.16539,32.35353],[-81.16569,32.35344],[-81.16596,32.35406],[-81.16557,32.35387]]]},"properties":{"overlapId":"ov-desc-41-okatie-mcintosh-115kv-tie-add-series-rea--gpc-gen-mcintosh-expansion","type":"Freshwater Pond","attribute":"PUBHx","acres":0.47}},{"type":"Feature","geometry":{"type":"Polygon","coordinates":[[[-81.16617,32.35419],[-81.16637,32.35446],[-81.16596,32.3543],[-81.16617,32.35419]]]},"properties":{"overlapId":"ov-desc-41-okatie-mcintosh-115kv-tie-add-series-rea--gpc-gen-mcintosh-expansion","type":"Freshwater Pond","attribute":"PUBHx","acres":0.17}},{"type":"Feature","geometry":{"type":"Polygon","coordinates":[[[-81.17471,32.35927],[-81.17494,32.35912],[-81.17499,32.35917],[-81.1749,32.35933],[-81.17471,32.35927]]]},"properties":{"overlapId":"ov-desc-41-okatie-mcintosh-115kv-tie-add-series-rea--gpc-gen-mcintosh-expansion","type":"Freshwater Pond","attribute":"PUBHx","acres":0.08}},{"type":"Feature","geometry":{"type":"Polygon","coordinates":[[[-81.15905,32.35484],[-81.15911,32.35474],[-81.15918,32.35484],[-81.15905,32.35484]]]},"properties":{"overlapId":"ov-desc-41-okatie-mcintosh-115kv-tie-add-series-rea--gpc-gen-mcintosh-expansion","type":"Freshwater Emergent Wetland","attribute":"PEM1C","acres":0.02}},{"type":"Feature","geometry":{"type":"Polygon","coordinates":[[[-81.1554,32.35177],[-81.15669,32.3519],[-81.15704,32.35139],[-81.15725,32.3514],[-81.15755,32.35187],[-81.15747,32.35202],[-81.15608,32.35251],[-81.15513,32.3531],[-81.15493,32.3524],[-81.15502,32.35148],[-81.1554,32.35177]]]},"properties":{"overlapId":"ov-desc-41-okatie-mcintosh-115kv-tie-add-series-rea--gpc-gen-mcintosh-expansion","type":"Freshwater Forested/Shrub Wetland","attribute":"PFO1A","acres":4.99}},{"type":"Feature","geometry":{"type":"Polygon","coordinates":[[[-81.15762,32.35191],[-81.15724,32.35144],[-81.15741,32.35093],[-81.15766,32.35094],[-81.15792,32.35116],[-81.15786,32.35154],[-81.15841,32.3517],[-81.15899,32.35261],[-81.15847,32.35226],[-81.15843,32.35207],[-81.15762,32.35191]]]},"properties":{"overlapId":"ov-desc-41-okatie-mcintosh-115kv-tie-add-series-rea--gpc-gen-mcintosh-expansion","type":"Freshwater Forested/Shrub Wetland","attribute":"PFO1C","acres":2.24}},{"type":"Feature","geometry":{"type":"Polygon","coordinates":[[[-81.15605,32.3542],[-81.15616,32.35412],[-81.15627,32.35434],[-81.15605,32.3542]]]},"properties":{"overlapId":"ov-desc-41-okatie-mcintosh-115kv-tie-add-series-rea--gpc-gen-mcintosh-expansion","type":"Freshwater Forested/Shrub Wetland","attribute":"PFO5H","acres":0.05}},{"type":"Feature","geometry":{"type":"Polygon","coordinates":[[[-81.15827,32.35484],[-81.15845,32.35472],[-81.15847,32.35484],[-81.15827,32.35484]]]},"properties":{"overlapId":"ov-desc-41-okatie-mcintosh-115kv-tie-add-series-rea--gpc-gen-mcintosh-expansion","type":"Freshwater Forested/Shrub Wetland","attribute":"PFO5H","acres":0.05}},{"type":"Feature","geometry":{"type":"Polygon","coordinates":[[[-81.15573,32.35044],[-81.15579,32.3506],[-81.15574,32.3508],[-81.15553,32.35054],[-81.15573,32.35044]]]},"properties":{"overlapId":"ov-desc-41-okatie-mcintosh-115kv-tie-add-series-rea--gpc-gen-mcintosh-expansion","type":"Freshwater Pond","attribute":"PUBH","acres":0.14}},{"type":"Feature","geometry":{"type":"Polygon","coordinates":[[[-81.15582,32.35101],[-81.15594,32.35125],[-81.1558,32.35175],[-81.15544,32.35136],[-81.15541,32.35094],[-81.15582,32.35101]]]},"properties":{"overlapId":"ov-desc-41-okatie-mcintosh-115kv-tie-add-series-rea--gpc-gen-mcintosh-expansion","type":"Freshwater Pond","attribute":"PUBH","acres":0.67}},{"type":"Feature","geometry":{"type":"Polygon","coordinates":[[[-81.16095,32.35419],[-81.16114,32.35293],[-81.16148,32.35216],[-81.16179,32.35182],[-81.16207,32.35203],[-81.16239,32.35194],[-81.16262,32.35241],[-81.1628,32.35247],[-81.16221,32.35267],[-81.16222,32.35374],[-81.16201,32.3544],[-81.16213,32.35484],[-81.16113,32.35484],[-81.16095,32.35419]]]},"properties":{"overlapId":"ov-desc-41-okatie-mcintosh-115kv-tie-add-series-rea--gpc-gen-mcintosh-expansion","type":"Freshwater Forested/Shrub Wetland","attribute":"PFO1C","acres":8.13}},{"type":"Feature","geometry":{"type":"Polygon","coordinates":[[[-81.15698,32.3496],[-81.15836,32.34947],[-81.15965,32.3496],[-81.16105,32.35016],[-81.16119,32.35093],[-81.16015,32.35249],[-81.15993,32.35371],[-81.16019,32.35484],[-81.1597,32.35484],[-81.1595,32.35413],[-81.15975,32.35258],[-81.16004,32.3523],[-81.16014,32.35167],[-81.16065,32.35096],[-81.16066,32.35059],[-81.16036,32.35021],[-81.15882,32.34987],[-81.15689,32.35006],[-81.15669,32.3505],[-81.15619,32.35099],[-81.15622,32.35127],[-81.15693,32.3515],[-81.15669,32.3519],[-81.1554,32.35177],[-81.15502,32.35148],[-81.15554,32.35055],[-81.15574,32.3508],[-81.15566,32.3504],[-81.15608,32.35004],[-81.15698,32.3496]],[[-81.15541,32.35094],[-81.15544,32.35136],[-81.1558,32.35175],[-81.15594,32.35125],[-81.15582,32.35101],[-81.15541,32.35094]]]},"properties":{"overlapId":"ov-desc-41-okatie-mcintosh-115kv-tie-add-series-rea--gpc-gen-mcintosh-expansion","type":"Freshwater Forested/Shrub Wetland","attribute":"PFO1C","acres":14.71}},{"type":"Feature","geometry":{"type":"MultiPolygon","coordinates":[[[[-81.16177,32.34942],[-81.1621,32.35119],[-81.16114,32.35293],[-81.16095,32.35419],[-81.16113,32.35484],[-81.16019,32.35484],[-81.15993,32.35371],[-81.16015,32.35249],[-81.16119,32.35093],[-81.16105,32.35016],[-81.15965,32.3496],[-81.15836,32.34947],[-81.15698,32.3496],[-81.15779,32.34944],[-81.15962,32.34943],[-81.15955,32.34951],[-81.161,32.35006],[-81.16039,32.34952],[-81.1599,32.34943],[-81.16177,32.34942]]],[[[-81.16778,32.35576],[-81.16864,32.35544],[-81.17,32.35538],[-81.17227,32.35449],[-81.17293,32.35446],[-81.17469,32.3532],[-81.17589,32.35304],[-81.17658,32.3525],[-81.17759,32.35121],[-81.17696,32.35217],[-81.17623,32.3529],[-81.17575,32.35316],[-81.17468,32.35328],[-81.17286,32.35457],[-81.1723,32.35456],[-81.17001,32.35545],[-81.16866,32.35551],[-81.16836,32.35567],[-81.16778,32.35576]]],[[[-81.15555,32.35053],[-81.15552,32.35055],[-81.15554,32.35053],[-81.15555,32.35053]]]]},"properties":{"overlapId":"ov-desc-41-okatie-mcintosh-115kv-tie-add-series-rea--gpc-gen-mcintosh-expansion","type":"Riverine","attribute":"R2UBH","acres":17.77}},{"type":"Feature","geometry":{"type":"Polygon","coordinates":[[[-81.16884,32.3494],[-81.16889,32.35011],[-81.16786,32.35086],[-81.16726,32.35104],[-81.16746,32.35095],[-81.16729,32.35075],[-81.16806,32.35032],[-81.16837,32.35001],[-81.16854,32.3495],[-81.16884,32.3494]]]},"properties":{"overlapId":"ov-desc-41-okatie-mcintosh-115kv-tie-add-series-rea--gpc-sertp26r-p53-sav-goshen-sav-mcintosh-115-kv","type":"Freshwater Emergent Wetland","attribute":"PEM1C","acres":2.07}},{"type":"Feature","geometry":{"type":"Polygon","coordinates":[[[-81.1864,32.34245],[-81.18606,32.34255],[-81.18619,32.34204],[-81.18626,32.34226],[-81.18669,32.34176],[-81.1864,32.34245]]]},"properties":{"overlapId":"ov-desc-41-okatie-mcintosh-115kv-tie-add-series-rea--gpc-sertp26r-p53-sav-goshen-sav-mcintosh-115-kv","type":"Freshwater Emergent Wetland","attribute":"PEM1Cx","acres":0.48}},{"type":"Feature","geometry":{"type":"Polygon","coordinates":[[[-81.1864,32.34245],[-81.18606,32.34255],[-81.18619,32.34204],[-81.18626,32.34226],[-81.18669,32.34176],[-81.1864,32.34245]]]},"properties":{"overlapId":"ov-desc-41-okatie-mcintosh-115kv-tie-add-series-rea--gpc-sertp26r-p53-sav-goshen-sav-mcintosh-115-kv","type":"Freshwater Emergent Wetland","attribute":"PEM1Cx","acres":0.48}},{"type":"Feature","geometry":{"type":"Polygon","coordinates":[[[-81.18588,32.34319],[-81.18603,32.34264],[-81.18646,32.34248],[-81.18606,32.34313],[-81.18588,32.34319]]]},"properties":{"overlapId":"ov-desc-41-okatie-mcintosh-115kv-tie-add-series-rea--gpc-sertp26r-p53-sav-goshen-sav-mcintosh-115-kv","type":"Freshwater Emergent Wetland","attribute":"PEM1Cx","acres":0.43}},{"type":"Feature","geometry":{"type":"Polygon","coordinates":[[[-81.18588,32.34319],[-81.18603,32.34264],[-81.18646,32.34248],[-81.18606,32.34313],[-81.18588,32.34319]]]},"properties":{"overlapId":"ov-desc-41-okatie-mcintosh-115kv-tie-add-series-rea--gpc-sertp26r-p53-sav-goshen-sav-mcintosh-115-kv","type":"Freshwater Emergent Wetland","attribute":"PEM1Cx","acres":0.43}},{"type":"Feature","geometry":{"type":"Polygon","coordinates":[[[-81.17267,32.35031],[-81.17279,32.35064],[-81.17218,32.35149],[-81.17097,32.35269],[-81.1702,32.35315],[-81.16985,32.35309],[-81.16972,32.35277],[-81.17121,32.35168],[-81.17241,32.35033],[-81.17267,32.35031]]]},"properties":{"overlapId":"ov-desc-41-okatie-mcintosh-115kv-tie-add-series-rea--gpc-sertp26r-p53-sav-goshen-sav-mcintosh-115-kv","type":"Freshwater Emergent Wetland","attribute":"PEM1Fx","acres":5.48}},{"type":"Feature","geometry":{"type":"Polygon","coordinates":[[[-81.17523,32.35879],[-81.17592,32.35861],[-81.17597,32.35882],[-81.17571,32.35909],[-81.17582,32.35931],[-81.1749,32.35933],[-81.17523,32.35879]]]},"properties":{"overlapId":"ov-desc-41-okatie-mcintosh-115kv-tie-add-series-rea--gpc-sertp26r-p53-sav-goshen-sav-mcintosh-115-kv","type":"Freshwater Forested/Shrub Wetland","attribute":"PFO1/4A","acres":1.22}},{"type":"Feature","geometry":{"type":"Polygon","coordinates":[[[-81.16809,32.34899],[-81.16825,32.34886],[-81.16863,32.34896],[-81.169,32.3493],[-81.16854,32.3495],[-81.16815,32.34932],[-81.16809,32.34899]]]},"properties":{"overlapId":"ov-desc-41-okatie-mcintosh-115kv-tie-add-series-rea--gpc-sertp26r-p53-sav-goshen-sav-mcintosh-115-kv","type":"Freshwater Forested/Shrub Wetland","attribute":"PFO1/4C","acres":0.95}},{"type":"Feature","geometry":{"type":"Polygon","coordinates":[[[-81.17827,32.35882],[-81.17749,32.35887],[-81.17745,32.35905],[-81.17722,32.3591],[-81.17669,32.35905],[-81.17648,32.35852],[-81.17682,32.35842],[-81.17742,32.35856],[-81.1776,32.35806],[-81.17798,32.35806],[-81.17821,32.35818],[-81.17827,32.35882]]]},"properties":{"overlapId":"ov-desc-41-okatie-mcintosh-115kv-tie-add-series-rea--gpc-sertp26r-p53-sav-goshen-sav-mcintosh-115-kv","type":"Freshwater Forested/Shrub Wetland","attribute":"PFO1/4C","acres":2.7}},{"type":"Feature","geometry":{"type":"Polygon","coordinates":[[[-81.16951,32.34697],[-81.16953,32.34784],[-81.16978,32.34806],[-81.17004,32.34806],[-81.17028,32.3478],[-81.17098,32.34749],[-81.17197,32.3477],[-81.17214,32.34741],[-81.1724,32.34737],[-81.1731,32.34765],[-81.17041,32.34842],[-81.16937,32.34894],[-81.16911,32.34823],[-81.16919,32.34755],[-81.16898,32.34712],[-81.16921,32.34693],[-81.16951,32.34697]]]},"properties":{"overlapId":"ov-desc-41-okatie-mcintosh-115kv-tie-add-series-rea--gpc-sertp26r-p53-sav-goshen-sav-mcintosh-115-kv","type":"Freshwater Forested/Shrub Wetland","attribute":"PFO1/4Ch","acres":6.86}},{"type":"Feature","geometry":{"type":"Polygon","coordinates":[[[-81.16316,32.34942],[-81.16337,32.35128],[-81.16209,32.35109],[-81.16193,32.34963],[-81.16177,32.34942],[-81.16316,32.34942]]]},"properties":{"overlapId":"ov-desc-41-okatie-mcintosh-115kv-tie-add-series-rea--gpc-sertp26r-p53-sav-goshen-sav-mcintosh-115-kv","type":"Freshwater Forested/Shrub Wetland","attribute":"PFO1A","acres":5.91}},{"type":"Feature","geometry":{"type":"Polygon","coordinates":[[[-81.16201,32.35454],[-81.16222,32.35374],[-81.16234,32.35433],[-81.16271,32.35484],[-81.16216,32.35484],[-81.16201,32.35454]]]},"properties":{"overlapId":"ov-desc-41-okatie-mcintosh-115kv-tie-add-series-rea--gpc-sertp26r-p53-sav-goshen-sav-mcintosh-115-kv","type":"Freshwater Forested/Shrub Wetland","attribute":"PFO1A","acres":0.82}},{"type":"Feature","geometry":{"type":"Polygon","coordinates":[[[-81.1711,32.35484],[-81.17185,32.35432],[-81.1723,32.35449],[-81.17019,32.3553],[-81.17033,32.35509],[-81.1711,32.35484]]]},"properties":{"overlapId":"ov-desc-41-okatie-mcintosh-115kv-tie-add-series-rea--gpc-sertp26r-p53-sav-goshen-sav-mcintosh-115-kv","type":"Freshwater Forested/Shrub Wetland","attribute":"PFO1B","acres":1.18}},{"type":"Feature","geometry":{"type":"Polygon","coordinates":[[[-81.17244,32.35455],[-81.17199,32.355],[-81.17134,32.35505],[-81.17081,32.35571],[-81.17018,32.35544],[-81.17226,32.35457],[-81.17244,32.35455]]]},"properties":{"overlapId":"ov-desc-41-okatie-mcintosh-115kv-tie-add-series-rea--gpc-sertp26r-p53-sav-goshen-sav-mcintosh-115-kv","type":"Freshwater Forested/Shrub Wetland","attribute":"PFO1B","acres":1.38}},{"type":"Feature","geometry":{"type":"Polygon","coordinates":[[[-81.18621,32.34196],[-81.18606,32.34255],[-81.18555,32.34282],[-81.18504,32.34349],[-81.18499,32.34257],[-81.18513,32.34227],[-81.18529,32.34207],[-81.18621,32.34196]]]},"properties":{"overlapId":"ov-desc-41-okatie-mcintosh-115kv-tie-add-series-rea--gpc-sertp26r-p53-sav-goshen-sav-mcintosh-115-kv","type":"Freshwater Forested/Shrub Wetland","attribute":"PFO1C","acres":2.44}},{"type":"Feature","geometry":{"type":"Polygon","coordinates":[[[-81.18458,32.34489],[-81.18461,32.34425],[-81.18561,32.34287],[-81.18603,32.34264],[-81.18583,32.34339],[-81.18458,32.34489]]]},"properties":{"overlapId":"ov-desc-41-okatie-mcintosh-115kv-tie-add-series-rea--gpc-sertp26r-p53-sav-goshen-sav-mcintosh-115-kv","type":"Freshwater Forested/Shrub Wetland","attribute":"PFO1C","acres":2.39}},{"type":"Feature","geometry":{"type":"Polygon","coordinates":[[[-81.18435,32.34452],[-81.18451,32.34431],[-81.18452,32.34496],[-81.18433,32.34519],[-81.18435,32.34452]]]},"properties":{"overlapId":"ov-desc-41-okatie-mcintosh-115kv-tie-add-series-rea--gpc-sertp26r-p53-sav-goshen-sav-mcintosh-115-kv","type":"Freshwater Forested/Shrub Wetland","attribute":"PFO1C","acres":0.26}},{"type":"Feature","geometry":{"type":"Polygon","coordinates":[[[-81.15946,32.34949],[-81.1587,32.34943],[-81.15949,32.34943],[-81.15946,32.34949]]]},"properties":{"overlapId":"ov-desc-41-okatie-mcintosh-115kv-tie-add-series-rea--gpc-sertp26r-p53-sav-goshen-sav-mcintosh-115-kv","type":"Freshwater Forested/Shrub Wetland","attribute":"PFO1C","acres":0.07}},{"type":"Feature","geometry":{"type":"Polygon","coordinates":[[[-81.16035,32.3495],[-81.161,32.35006],[-81.15955,32.34951],[-81.16035,32.3495]]]},"properties":{"overlapId":"ov-desc-41-okatie-mcintosh-115kv-tie-add-series-rea--gpc-sertp26r-p53-sav-goshen-sav-mcintosh-115-kv","type":"Freshwater Forested/Shrub Wetland","attribute":"PFO1C","acres":0.54}},{"type":"Feature","geometry":{"type":"Polygon","coordinates":[[[-81.16353,32.34969],[-81.16376,32.35119],[-81.16337,32.35128],[-81.16318,32.34942],[-81.1637,32.34942],[-81.16353,32.34969]]]},"properties":{"overlapId":"ov-desc-41-okatie-mcintosh-115kv-tie-add-series-rea--gpc-sertp26r-p53-sav-goshen-sav-mcintosh-115-kv","type":"Freshwater Forested/Shrub Wetland","attribute":"PFO1C","acres":1.95}},{"type":"Feature","geometry":{"type":"Polygon","coordinates":[[[-81.16326,32.35346],[-81.16341,32.35365],[-81.16337,32.35437],[-81.16263,32.35338],[-81.16326,32.35346]]]},"properties":{"overlapId":"ov-desc-41-okatie-mcintosh-115kv-tie-add-series-rea--gpc-sertp26r-p53-sav-goshen-sav-mcintosh-115-kv","type":"Freshwater Forested/Shrub Wetland","attribute":"PFO1C","acres":1.05}},{"type":"Feature","geometry":{"type":"Polygon","coordinates":[[[-81.1627,32.3548],[-81.16234,32.35433],[-81.16215,32.35327],[-81.16221,32.35267],[-81.16277,32.35256],[-81.16283,32.35238],[-81.16245,32.35153],[-81.16272,32.35152],[-81.16306,32.35187],[-81.16405,32.35166],[-81.16413,32.35201],[-81.16395,32.35228],[-81.16361,32.35228],[-81.16306,32.35287],[-81.16306,32.35307],[-81.16263,32.35328],[-81.16289,32.35385],[-81.16372,32.35484],[-81.1627,32.3548]]]},"properties":{"overlapId":"ov-desc-41-okatie-mcintosh-115kv-tie-add-series-rea--gpc-sertp26r-p53-sav-goshen-sav-mcintosh-115-kv","type":"Freshwater Forested/Shrub Wetland","attribute":"PFO1F","acres":7.22}},{"type":"Feature","geometry":{"type":"Polygon","coordinates":[[[-81.17749,32.35887],[-81.17782,32.35876],[-81.17821,32.35883],[-81.17745,32.35905],[-81.17749,32.35887]]]},"properties":{"overlapId":"ov-desc-41-okatie-mcintosh-115kv-tie-add-series-rea--gpc-sertp26r-p53-sav-goshen-sav-mcintosh-115-kv","type":"Freshwater Forested/Shrub Wetland","attribute":"PFO1F","acres":0.29}},{"type":"Feature","geometry":{"type":"Polygon","coordinates":[[[-81.16378,32.35484],[-81.16337,32.35437],[-81.16341,32.35365],[-81.16314,32.35341],[-81.16263,32.35338],[-81.16263,32.35328],[-81.16306,32.35307],[-81.16306,32.35287],[-81.16361,32.35228],[-81.16392,32.35228],[-81.16353,32.35273],[-81.16386,32.35284],[-81.16397,32.35331],[-81.16377,32.35402],[-81.16394,32.35457],[-81.16378,32.35484]]]},"properties":{"overlapId":"ov-desc-41-okatie-mcintosh-115kv-tie-add-series-rea--gpc-sertp26r-p53-sav-goshen-sav-mcintosh-115-kv","type":"Freshwater Forested/Shrub Wetland","attribute":"PSS1/4C","acres":3.47}},{"type":"Feature","geometry":{"type":"Polygon","coordinates":[[[-81.18363,32.33717],[-81.18323,32.33725],[-81.18324,32.3372],[-81.18363,32.33717]]]},"properties":{"overlapId":"ov-desc-41-okatie-mcintosh-115kv-tie-add-series-rea--gpc-sertp26r-p53-sav-goshen-sav-mcintosh-115-kv","type":"Freshwater Forested/Shrub Wetland","attribute":"PSS1C","acres":0.05}},{"type":"Feature","geometry":{"type":"Polygon","coordinates":[[[-81.1861,32.33796],[-81.186,32.33817],[-81.18554,32.33818],[-81.18572,32.33791],[-81.1861,32.33796]]]},"properties":{"overlapId":"ov-desc-41-okatie-mcintosh-115kv-tie-add-series-rea--gpc-sertp26r-p53-sav-goshen-sav-mcintosh-115-kv","type":"Freshwater Forested/Shrub Wetland","attribute":"PSS1C","acres":0.37}},{"type":"Feature","geometry":{"type":"Polygon","coordinates":[[[-81.16909,32.34822],[-81.16938,32.34895],[-81.16918,32.34933],[-81.16891,32.3492],[-81.16918,32.34882],[-81.16909,32.34822]]]},"properties":{"overlapId":"ov-desc-41-okatie-mcintosh-115kv-tie-add-series-rea--gpc-sertp26r-p53-sav-goshen-sav-mcintosh-115-kv","type":"Freshwater Pond","attribute":"PUBFh","acres":0.63}},{"type":"Feature","geometry":{"type":"Polygon","coordinates":[[[-81.16909,32.34822],[-81.16938,32.34895],[-81.16918,32.34933],[-81.16891,32.3492],[-81.16918,32.34882],[-81.16909,32.34822]]]},"properties":{"overlapId":"ov-desc-41-okatie-mcintosh-115kv-tie-add-series-rea--gpc-sertp26r-p53-sav-goshen-sav-mcintosh-115-kv","type":"Freshwater Pond","attribute":"PUBFh","acres":0.63}},{"type":"Feature","geometry":{"type":"Polygon","coordinates":[[[-81.17347,32.34836],[-81.17354,32.34858],[-81.1736,32.34919],[-81.17262,32.34859],[-81.17347,32.34836]]]},"properties":{"overlapId":"ov-desc-41-okatie-mcintosh-115kv-tie-add-series-rea--gpc-sertp26r-p53-sav-goshen-sav-mcintosh-115-kv","type":"Freshwater Pond","attribute":"PUBFx","acres":1.09}},{"type":"Feature","geometry":{"type":"Polygon","coordinates":[[[-81.17347,32.34836],[-81.17354,32.34858],[-81.1736,32.34919],[-81.17262,32.34859],[-81.17347,32.34836]]]},"properties":{"overlapId":"ov-desc-41-okatie-mcintosh-115kv-tie-add-series-rea--gpc-sertp26r-p53-sav-goshen-sav-mcintosh-115-kv","type":"Freshwater Pond","attribute":"PUBFx","acres":1.09}},{"type":"Feature","geometry":{"type":"Polygon","coordinates":[[[-81.17057,32.35145],[-81.17223,32.34952],[-81.1725,32.34883],[-81.1729,32.34894],[-81.17263,32.34979],[-81.17073,32.3519],[-81.17044,32.3518],[-81.1704,32.352],[-81.17005,32.35209],[-81.17015,32.35221],[-81.1705,32.35216],[-81.16961,32.35265],[-81.16938,32.35244],[-81.16941,32.35222],[-81.17057,32.35145]]]},"properties":{"overlapId":"ov-desc-41-okatie-mcintosh-115kv-tie-add-series-rea--gpc-sertp26r-p53-sav-goshen-sav-mcintosh-115-kv","type":"Freshwater Pond","attribute":"PUBFx","acres":5.72}},{"type":"Feature","geometry":{"type":"Polygon","coordinates":[[[-81.17057,32.35145],[-81.17223,32.34952],[-81.1725,32.34883],[-81.1729,32.34894],[-81.17263,32.34979],[-81.17073,32.3519],[-81.17044,32.3518],[-81.1704,32.352],[-81.17005,32.35209],[-81.17015,32.35221],[-81.1705,32.35216],[-81.16961,32.35265],[-81.16938,32.35244],[-81.16941,32.35222],[-81.17057,32.35145]]]},"properties":{"overlapId":"ov-desc-41-okatie-mcintosh-115kv-tie-add-series-rea--gpc-sertp26r-p53-sav-goshen-sav-mcintosh-115-kv","type":"Freshwater Pond","attribute":"PUBFx","acres":5.72}},{"type":"Feature","geometry":{"type":"Polygon","coordinates":[[[-81.16584,32.35105],[-81.16645,32.35113],[-81.16713,32.35073],[-81.16746,32.35095],[-81.1669,32.35134],[-81.16655,32.35134],[-81.16619,32.35156],[-81.16557,32.35153],[-81.16554,32.35122],[-81.16584,32.35105]]]},"properties":{"overlapId":"ov-desc-41-okatie-mcintosh-115kv-tie-add-series-rea--gpc-sertp26r-p53-sav-goshen-sav-mcintosh-115-kv","type":"Freshwater Pond","attribute":"PUBHh","acres":1.83}},{"type":"Feature","geometry":{"type":"Polygon","coordinates":[[[-81.18356,32.34603],[-81.18321,32.34506],[-81.18317,32.34488],[-81.18349,32.34502],[-81.18378,32.34584],[-81.18356,32.34603]]]},"properties":{"overlapId":"ov-desc-41-okatie-mcintosh-115kv-tie-add-series-rea--gpc-sertp26r-p53-sav-goshen-sav-mcintosh-115-kv","type":"Freshwater Pond","attribute":"PUBHx","acres":0.76}},{"type":"Feature","geometry":{"type":"Polygon","coordinates":[[[-81.18259,32.34957],[-81.18096,32.3505],[-81.18074,32.35053],[-81.18247,32.34956],[-81.18259,32.34957]]]},"properties":{"overlapId":"ov-desc-41-okatie-mcintosh-115kv-tie-add-series-rea--gpc-sertp26r-p53-sav-goshen-sav-mcintosh-115-kv","type":"Freshwater Pond","attribute":"PUBHx","acres":0.39}},{"type":"Feature","geometry":{"type":"Polygon","coordinates":[[[-81.16557,32.35387],[-81.16539,32.35353],[-81.16569,32.35344],[-81.16596,32.35406],[-81.16557,32.35387]]]},"properties":{"overlapId":"ov-desc-41-okatie-mcintosh-115kv-tie-add-series-rea--gpc-sertp26r-p53-sav-goshen-sav-mcintosh-115-kv","type":"Freshwater Pond","attribute":"PUBHx","acres":0.47}},{"type":"Feature","geometry":{"type":"Polygon","coordinates":[[[-81.16617,32.35419],[-81.16637,32.35446],[-81.16596,32.3543],[-81.16617,32.35419]]]},"properties":{"overlapId":"ov-desc-41-okatie-mcintosh-115kv-tie-add-series-rea--gpc-sertp26r-p53-sav-goshen-sav-mcintosh-115-kv","type":"Freshwater Pond","attribute":"PUBHx","acres":0.17}},{"type":"Feature","geometry":{"type":"Polygon","coordinates":[[[-81.17471,32.35927],[-81.17494,32.35912],[-81.17499,32.35917],[-81.1749,32.35933],[-81.17471,32.35927]]]},"properties":{"overlapId":"ov-desc-41-okatie-mcintosh-115kv-tie-add-series-rea--gpc-sertp26r-p53-sav-goshen-sav-mcintosh-115-kv","type":"Freshwater Pond","attribute":"PUBHx","acres":0.08}},{"type":"Feature","geometry":{"type":"Polygon","coordinates":[[[-81.15905,32.35484],[-81.15911,32.35474],[-81.15918,32.35484],[-81.15905,32.35484]]]},"properties":{"overlapId":"ov-desc-41-okatie-mcintosh-115kv-tie-add-series-rea--gpc-sertp26r-p53-sav-goshen-sav-mcintosh-115-kv","type":"Freshwater Emergent Wetland","attribute":"PEM1C","acres":0.02}},{"type":"Feature","geometry":{"type":"Polygon","coordinates":[[[-81.1554,32.35177],[-81.15669,32.3519],[-81.15704,32.35139],[-81.15725,32.3514],[-81.15755,32.35187],[-81.15747,32.35202],[-81.15608,32.35251],[-81.15513,32.3531],[-81.15493,32.3524],[-81.15502,32.35148],[-81.1554,32.35177]]]},"properties":{"overlapId":"ov-desc-41-okatie-mcintosh-115kv-tie-add-series-rea--gpc-sertp26r-p53-sav-goshen-sav-mcintosh-115-kv","type":"Freshwater Forested/Shrub Wetland","attribute":"PFO1A","acres":4.99}},{"type":"Feature","geometry":{"type":"Polygon","coordinates":[[[-81.15762,32.35191],[-81.15724,32.35144],[-81.15741,32.35093],[-81.15766,32.35094],[-81.15792,32.35116],[-81.15786,32.35154],[-81.15841,32.3517],[-81.15899,32.35261],[-81.15847,32.35226],[-81.15843,32.35207],[-81.15762,32.35191]]]},"properties":{"overlapId":"ov-desc-41-okatie-mcintosh-115kv-tie-add-series-rea--gpc-sertp26r-p53-sav-goshen-sav-mcintosh-115-kv","type":"Freshwater Forested/Shrub Wetland","attribute":"PFO1C","acres":2.24}},{"type":"Feature","geometry":{"type":"Polygon","coordinates":[[[-81.15605,32.3542],[-81.15616,32.35412],[-81.15627,32.35434],[-81.15605,32.3542]]]},"properties":{"overlapId":"ov-desc-41-okatie-mcintosh-115kv-tie-add-series-rea--gpc-sertp26r-p53-sav-goshen-sav-mcintosh-115-kv","type":"Freshwater Forested/Shrub Wetland","attribute":"PFO5H","acres":0.05}},{"type":"Feature","geometry":{"type":"Polygon","coordinates":[[[-81.15827,32.35484],[-81.15845,32.35472],[-81.15847,32.35484],[-81.15827,32.35484]]]},"properties":{"overlapId":"ov-desc-41-okatie-mcintosh-115kv-tie-add-series-rea--gpc-sertp26r-p53-sav-goshen-sav-mcintosh-115-kv","type":"Freshwater Forested/Shrub Wetland","attribute":"PFO5H","acres":0.05}},{"type":"Feature","geometry":{"type":"Polygon","coordinates":[[[-81.15573,32.35044],[-81.15579,32.3506],[-81.15574,32.3508],[-81.15553,32.35054],[-81.15573,32.35044]]]},"properties":{"overlapId":"ov-desc-41-okatie-mcintosh-115kv-tie-add-series-rea--gpc-sertp26r-p53-sav-goshen-sav-mcintosh-115-kv","type":"Freshwater Pond","attribute":"PUBH","acres":0.14}},{"type":"Feature","geometry":{"type":"Polygon","coordinates":[[[-81.15582,32.35101],[-81.15594,32.35125],[-81.1558,32.35175],[-81.15544,32.35136],[-81.15541,32.35094],[-81.15582,32.35101]]]},"properties":{"overlapId":"ov-desc-41-okatie-mcintosh-115kv-tie-add-series-rea--gpc-sertp26r-p53-sav-goshen-sav-mcintosh-115-kv","type":"Freshwater Pond","attribute":"PUBH","acres":0.67}},{"type":"Feature","geometry":{"type":"Polygon","coordinates":[[[-81.16095,32.35419],[-81.16114,32.35293],[-81.16148,32.35216],[-81.16179,32.35182],[-81.16207,32.35203],[-81.16239,32.35194],[-81.16262,32.35241],[-81.1628,32.35247],[-81.16221,32.35267],[-81.16222,32.35374],[-81.16201,32.3544],[-81.16213,32.35484],[-81.16113,32.35484],[-81.16095,32.35419]]]},"properties":{"overlapId":"ov-desc-41-okatie-mcintosh-115kv-tie-add-series-rea--gpc-sertp26r-p53-sav-goshen-sav-mcintosh-115-kv","type":"Freshwater Forested/Shrub Wetland","attribute":"PFO1C","acres":8.13}},{"type":"Feature","geometry":{"type":"Polygon","coordinates":[[[-81.15698,32.3496],[-81.15836,32.34947],[-81.15965,32.3496],[-81.16105,32.35016],[-81.16119,32.35093],[-81.16015,32.35249],[-81.15993,32.35371],[-81.16019,32.35484],[-81.1597,32.35484],[-81.1595,32.35413],[-81.15975,32.35258],[-81.16004,32.3523],[-81.16014,32.35167],[-81.16065,32.35096],[-81.16066,32.35059],[-81.16036,32.35021],[-81.15882,32.34987],[-81.15689,32.35006],[-81.15669,32.3505],[-81.15619,32.35099],[-81.15622,32.35127],[-81.15693,32.3515],[-81.15669,32.3519],[-81.1554,32.35177],[-81.15502,32.35148],[-81.15554,32.35055],[-81.15574,32.3508],[-81.15566,32.3504],[-81.15608,32.35004],[-81.15698,32.3496]],[[-81.15541,32.35094],[-81.15544,32.35136],[-81.1558,32.35175],[-81.15594,32.35125],[-81.15582,32.35101],[-81.15541,32.35094]]]},"properties":{"overlapId":"ov-desc-41-okatie-mcintosh-115kv-tie-add-series-rea--gpc-sertp26r-p53-sav-goshen-sav-mcintosh-115-kv","type":"Freshwater Forested/Shrub Wetland","attribute":"PFO1C","acres":14.71}},{"type":"Feature","geometry":{"type":"MultiPolygon","coordinates":[[[[-81.16177,32.34942],[-81.1621,32.35119],[-81.16114,32.35293],[-81.16095,32.35419],[-81.16113,32.35484],[-81.16019,32.35484],[-81.15993,32.35371],[-81.16015,32.35249],[-81.16119,32.35093],[-81.16105,32.35016],[-81.15965,32.3496],[-81.15836,32.34947],[-81.15698,32.3496],[-81.15779,32.34944],[-81.15962,32.34943],[-81.15955,32.34951],[-81.161,32.35006],[-81.16039,32.34952],[-81.1599,32.34943],[-81.16177,32.34942]]],[[[-81.16778,32.35576],[-81.16864,32.35544],[-81.17,32.35538],[-81.17227,32.35449],[-81.17293,32.35446],[-81.17469,32.3532],[-81.17589,32.35304],[-81.17658,32.3525],[-81.17759,32.35121],[-81.17696,32.35217],[-81.17623,32.3529],[-81.17575,32.35316],[-81.17468,32.35328],[-81.17286,32.35457],[-81.1723,32.35456],[-81.17001,32.35545],[-81.16866,32.35551],[-81.16836,32.35567],[-81.16778,32.35576]]],[[[-81.18451,32.34497],[-81.18453,32.34422],[-81.18554,32.34282],[-81.1865,32.34238],[-81.18538,32.34314],[-81.18461,32.34425],[-81.18451,32.34497]]],[[[-81.15555,32.35053],[-81.15552,32.35055],[-81.15554,32.35053],[-81.15555,32.35053]]]]},"properties":{"overlapId":"ov-desc-41-okatie-mcintosh-115kv-tie-add-series-rea--gpc-sertp26r-p53-sav-goshen-sav-mcintosh-115-kv","type":"Riverine","attribute":"R2UBH","acres":18.4}},{"type":"Feature","geometry":{"type":"Polygon","coordinates":[[[-81.16884,32.3494],[-81.16889,32.35011],[-81.16786,32.35086],[-81.16726,32.35104],[-81.16746,32.35095],[-81.16729,32.35075],[-81.16806,32.35032],[-81.16837,32.35001],[-81.16854,32.3495],[-81.16884,32.3494]]]},"properties":{"overlapId":"ov-desc-12-jasper-okatie-230-kv-2-construct--gpc-gen-mcintosh-expansion","type":"Freshwater Emergent Wetland","attribute":"PEM1C","acres":2.07}},{"type":"Feature","geometry":{"type":"Polygon","coordinates":[[[-81.16348,32.35709],[-81.16371,32.35713],[-81.1637,32.35742],[-81.16391,32.35769],[-81.16377,32.35778],[-81.16345,32.35751],[-81.16348,32.35709]]]},"properties":{"overlapId":"ov-desc-12-jasper-okatie-230-kv-2-construct--gpc-gen-mcintosh-expansion","type":"Freshwater Emergent Wetland","attribute":"PEM1Cx","acres":0.42}},{"type":"Feature","geometry":{"type":"Polygon","coordinates":[[[-81.16348,32.35709],[-81.16371,32.35713],[-81.1637,32.35742],[-81.16391,32.35769],[-81.16377,32.35778],[-81.16345,32.35751],[-81.16348,32.35709]]]},"properties":{"overlapId":"ov-desc-12-jasper-okatie-230-kv-2-construct--gpc-gen-mcintosh-expansion","type":"Freshwater Emergent Wetland","attribute":"PEM1Cx","acres":0.42}},{"type":"Feature","geometry":{"type":"Polygon","coordinates":[[[-81.17267,32.35031],[-81.17279,32.35064],[-81.17218,32.35149],[-81.17097,32.35269],[-81.1702,32.35315],[-81.16985,32.35309],[-81.16972,32.35277],[-81.17121,32.35168],[-81.17241,32.35033],[-81.17267,32.35031]]]},"properties":{"overlapId":"ov-desc-12-jasper-okatie-230-kv-2-construct--gpc-gen-mcintosh-expansion","type":"Freshwater Emergent Wetland","attribute":"PEM1Fx","acres":5.48}},{"type":"Feature","geometry":{"type":"Polygon","coordinates":[[[-81.17413,32.35964],[-81.17388,32.35943],[-81.17489,32.35935],[-81.17523,32.35879],[-81.17592,32.35861],[-81.17597,32.35882],[-81.17571,32.35909],[-81.17586,32.35935],[-81.17413,32.35964]]]},"properties":{"overlapId":"ov-desc-12-jasper-okatie-230-kv-2-construct--gpc-gen-mcintosh-expansion","type":"Freshwater Forested/Shrub Wetland","attribute":"PFO1/4A","acres":1.91}},{"type":"Feature","geometry":{"type":"Polygon","coordinates":[[[-81.16809,32.34899],[-81.16825,32.34886],[-81.16863,32.34896],[-81.169,32.3493],[-81.16854,32.3495],[-81.16815,32.34932],[-81.16809,32.34899]]]},"properties":{"overlapId":"ov-desc-12-jasper-okatie-230-kv-2-construct--gpc-gen-mcintosh-expansion","type":"Freshwater Forested/Shrub Wetland","attribute":"PFO1/4C","acres":0.95}},{"type":"Feature","geometry":{"type":"Polygon","coordinates":[[[-81.17827,32.35882],[-81.17749,32.35887],[-81.17745,32.35905],[-81.17722,32.3591],[-81.17669,32.35905],[-81.17648,32.35852],[-81.17682,32.35842],[-81.17742,32.35856],[-81.1776,32.35806],[-81.17798,32.35806],[-81.17821,32.35818],[-81.17827,32.35882]]]},"properties":{"overlapId":"ov-desc-12-jasper-okatie-230-kv-2-construct--gpc-gen-mcintosh-expansion","type":"Freshwater Forested/Shrub Wetland","attribute":"PFO1/4C","acres":2.7}},{"type":"Feature","geometry":{"type":"Polygon","coordinates":[[[-81.16919,32.34755],[-81.16895,32.34705],[-81.16915,32.34692],[-81.16951,32.34697],[-81.16953,32.34784],[-81.16978,32.34806],[-81.17004,32.34806],[-81.17028,32.3478],[-81.17098,32.34749],[-81.17197,32.3477],[-81.17214,32.34741],[-81.1724,32.34737],[-81.1731,32.34765],[-81.17041,32.34842],[-81.16937,32.34894],[-81.16911,32.34823],[-81.16919,32.34755]]]},"properties":{"overlapId":"ov-desc-12-jasper-okatie-230-kv-2-construct--gpc-gen-mcintosh-expansion","type":"Freshwater Forested/Shrub Wetland","attribute":"PFO1/4Ch","acres":6.9}},{"type":"Feature","geometry":{"type":"MultiPolygon","coordinates":[[[[-81.16276,32.34684],[-81.16301,32.34794],[-81.16183,32.34761],[-81.16183,32.34784],[-81.16211,32.34808],[-81.16158,32.34835],[-81.16294,32.34901],[-81.16314,32.34931],[-81.16337,32.35128],[-81.16209,32.35109],[-81.16193,32.34963],[-81.16106,32.34871],[-81.16024,32.34843],[-81.16071,32.34757],[-81.16051,32.34733],[-81.16013,32.34729],[-81.16276,32.34684]]],[[[-81.16351,32.34714],[-81.16338,32.34731],[-81.16317,32.3472],[-81.16298,32.34681],[-81.16332,32.34675],[-81.16351,32.34714]]]]},"properties":{"overlapId":"ov-desc-12-jasper-okatie-230-kv-2-construct--gpc-gen-mcintosh-expansion","type":"Freshwater Forested/Shrub Wetland","attribute":"PFO1A","acres":16.95}},{"type":"Feature","geometry":{"type":"Polygon","coordinates":[[[-81.16503,32.35566],[-81.16521,32.35554],[-81.16536,32.35493],[-81.16582,32.35484],[-81.1662,32.35498],[-81.16618,32.35573],[-81.16527,32.35591],[-81.16444,32.35626],[-81.16427,32.3562],[-81.16442,32.35561],[-81.16503,32.35566]]]},"properties":{"overlapId":"ov-desc-12-jasper-okatie-230-kv-2-construct--gpc-gen-mcintosh-expansion","type":"Freshwater Forested/Shrub Wetland","attribute":"PFO1A","acres":3.36}},{"type":"Feature","geometry":{"type":"Polygon","coordinates":[[[-81.16193,32.35557],[-81.162,32.35539],[-81.16241,32.35572],[-81.16259,32.35569],[-81.16201,32.35454],[-81.16222,32.35374],[-81.16234,32.35433],[-81.16327,32.35578],[-81.16323,32.35608],[-81.16237,32.3561],[-81.16193,32.35557]]]},"properties":{"overlapId":"ov-desc-12-jasper-okatie-230-kv-2-construct--gpc-gen-mcintosh-expansion","type":"Freshwater Forested/Shrub Wetland","attribute":"PFO1A","acres":3.32}},{"type":"Feature","geometry":{"type":"Polygon","coordinates":[[[-81.16602,32.35735],[-81.16452,32.35628],[-81.16614,32.3558],[-81.16668,32.35631],[-81.16644,32.35649],[-81.16581,32.35651],[-81.16578,32.35673],[-81.16642,32.35694],[-81.16681,32.35686],[-81.16602,32.35735]]]},"properties":{"overlapId":"ov-desc-12-jasper-okatie-230-kv-2-construct--gpc-gen-mcintosh-expansion","type":"Freshwater Forested/Shrub Wetland","attribute":"PFO1A","acres":4.13}},{"type":"Feature","geometry":{"type":"Polygon","coordinates":[[[-81.16706,32.358],[-81.16631,32.35743],[-81.16684,32.35731],[-81.16707,32.35743],[-81.16706,32.358]]]},"properties":{"overlapId":"ov-desc-12-jasper-okatie-230-kv-2-construct--gpc-gen-mcintosh-expansion","type":"Freshwater Forested/Shrub Wetland","attribute":"PFO1A","acres":0.77}},{"type":"Feature","geometry":{"type":"Polygon","coordinates":[[[-81.1711,32.35484],[-81.17185,32.35432],[-81.1723,32.35449],[-81.17019,32.3553],[-81.17033,32.35509],[-81.1711,32.35484]]]},"properties":{"overlapId":"ov-desc-12-jasper-okatie-230-kv-2-construct--gpc-gen-mcintosh-expansion","type":"Freshwater Forested/Shrub Wetland","attribute":"PFO1B","acres":1.18}},{"type":"Feature","geometry":{"type":"Polygon","coordinates":[[[-81.17244,32.35455],[-81.17199,32.355],[-81.17134,32.35505],[-81.17081,32.35571],[-81.17018,32.35544],[-81.17226,32.35457],[-81.17244,32.35455]]]},"properties":{"overlapId":"ov-desc-12-jasper-okatie-230-kv-2-construct--gpc-gen-mcintosh-expansion","type":"Freshwater Forested/Shrub Wetland","attribute":"PFO1B","acres":1.38}},{"type":"Feature","geometry":{"type":"Polygon","coordinates":[[[-81.15946,32.34949],[-81.15861,32.34942],[-81.15953,32.34936],[-81.15946,32.34949]]]},"properties":{"overlapId":"ov-desc-12-jasper-okatie-230-kv-2-construct--gpc-gen-mcintosh-expansion","type":"Freshwater Forested/Shrub Wetland","attribute":"PFO1C","acres":0.15}},{"type":"Feature","geometry":{"type":"Polygon","coordinates":[[[-81.16035,32.3495],[-81.161,32.35006],[-81.15955,32.34951],[-81.15963,32.34941],[-81.16035,32.3495]]]},"properties":{"overlapId":"ov-desc-12-jasper-okatie-230-kv-2-construct--gpc-gen-mcintosh-expansion","type":"Freshwater Forested/Shrub Wetland","attribute":"PFO1C","acres":0.54}},{"type":"Feature","geometry":{"type":"Polygon","coordinates":[[[-81.16388,32.34666],[-81.16338,32.34886],[-81.1637,32.34942],[-81.16353,32.34969],[-81.16376,32.35119],[-81.16337,32.35128],[-81.16318,32.34943],[-81.16294,32.34901],[-81.16158,32.34835],[-81.16211,32.34808],[-81.16183,32.34784],[-81.16183,32.34761],[-81.163,32.34795],[-81.16276,32.34684],[-81.16298,32.34681],[-81.16338,32.34731],[-81.16351,32.34714],[-81.16332,32.34675],[-81.16388,32.34666]]]},"properties":{"overlapId":"ov-desc-12-jasper-okatie-230-kv-2-construct--gpc-gen-mcintosh-expansion","type":"Freshwater Forested/Shrub Wetland","attribute":"PFO1C","acres":9.1}},{"type":"Feature","geometry":{"type":"Polygon","coordinates":[[[-81.16326,32.35346],[-81.16341,32.35365],[-81.16337,32.35437],[-81.16263,32.35338],[-81.16326,32.35346]]]},"properties":{"overlapId":"ov-desc-12-jasper-okatie-230-kv-2-construct--gpc-gen-mcintosh-expansion","type":"Freshwater Forested/Shrub Wetland","attribute":"PFO1C","acres":1.05}},{"type":"Feature","geometry":{"type":"Polygon","coordinates":[[[-81.16889,32.36025],[-81.16852,32.36033],[-81.16852,32.36059],[-81.16768,32.36072],[-81.16756,32.35988],[-81.16791,32.35922],[-81.16775,32.35861],[-81.16799,32.35879],[-81.16778,32.3585],[-81.16805,32.35834],[-81.16897,32.35865],[-81.1707,32.35972],[-81.17088,32.36019],[-81.16928,32.36046],[-81.16889,32.36025]]]},"properties":{"overlapId":"ov-desc-12-jasper-okatie-230-kv-2-construct--gpc-gen-mcintosh-expansion","type":"Freshwater Forested/Shrub Wetland","attribute":"PFO1C","acres":11.99}},{"type":"Feature","geometry":{"type":"Polygon","coordinates":[[[-81.16327,32.35578],[-81.16234,32.35433],[-81.16215,32.35327],[-81.16221,32.35267],[-81.16277,32.35256],[-81.16283,32.35238],[-81.16245,32.35153],[-81.16272,32.35152],[-81.16306,32.35187],[-81.16405,32.35166],[-81.16413,32.35201],[-81.16395,32.35228],[-81.16361,32.35228],[-81.16306,32.35287],[-81.16306,32.35307],[-81.16263,32.35328],[-81.16289,32.35385],[-81.16369,32.35465],[-81.16377,32.35522],[-81.16346,32.35523],[-81.16353,32.35604],[-81.16323,32.35608],[-81.16327,32.35578]]]},"properties":{"overlapId":"ov-desc-12-jasper-okatie-230-kv-2-construct--gpc-gen-mcintosh-expansion","type":"Freshwater Forested/Shrub Wetland","attribute":"PFO1F","acres":8.95}},{"type":"Feature","geometry":{"type":"Polygon","coordinates":[[[-81.17749,32.35887],[-81.17782,32.35876],[-81.17821,32.35883],[-81.17745,32.35905],[-81.17749,32.35887]]]},"properties":{"overlapId":"ov-desc-12-jasper-okatie-230-kv-2-construct--gpc-gen-mcintosh-expansion","type":"Freshwater Forested/Shrub Wetland","attribute":"PFO1F","acres":0.29}},{"type":"Feature","geometry":{"type":"Polygon","coordinates":[[[-81.16263,32.35338],[-81.1627,32.35315],[-81.16306,32.35307],[-81.16306,32.35287],[-81.16361,32.35228],[-81.16392,32.35228],[-81.16353,32.35273],[-81.16386,32.35284],[-81.16397,32.35331],[-81.16377,32.35402],[-81.16394,32.35457],[-81.16374,32.35491],[-81.16362,32.35454],[-81.16337,32.35437],[-81.16341,32.35365],[-81.16314,32.35341],[-81.16263,32.35338]]]},"properties":{"overlapId":"ov-desc-12-jasper-okatie-230-kv-2-construct--gpc-gen-mcintosh-expansion","type":"Freshwater Forested/Shrub Wetland","attribute":"PSS1/4C","acres":3.47}},{"type":"Feature","geometry":{"type":"Polygon","coordinates":[[[-81.16909,32.34822],[-81.16938,32.34895],[-81.16918,32.34933],[-81.16891,32.3492],[-81.16918,32.34882],[-81.16909,32.34822]]]},"properties":{"overlapId":"ov-desc-12-jasper-okatie-230-kv-2-construct--gpc-gen-mcintosh-expansion","type":"Freshwater Pond","attribute":"PUBFh","acres":0.63}},{"type":"Feature","geometry":{"type":"Polygon","coordinates":[[[-81.16909,32.34822],[-81.16938,32.34895],[-81.16918,32.34933],[-81.16891,32.3492],[-81.16918,32.34882],[-81.16909,32.34822]]]},"properties":{"overlapId":"ov-desc-12-jasper-okatie-230-kv-2-construct--gpc-gen-mcintosh-expansion","type":"Freshwater Pond","attribute":"PUBFh","acres":0.63}},{"type":"Feature","geometry":{"type":"Polygon","coordinates":[[[-81.17347,32.34836],[-81.17354,32.34858],[-81.1736,32.34919],[-81.17262,32.34859],[-81.17347,32.34836]]]},"properties":{"overlapId":"ov-desc-12-jasper-okatie-230-kv-2-construct--gpc-gen-mcintosh-expansion","type":"Freshwater Pond","attribute":"PUBFx","acres":1.09}},{"type":"Feature","geometry":{"type":"Polygon","coordinates":[[[-81.17347,32.34836],[-81.17354,32.34858],[-81.1736,32.34919],[-81.17262,32.34859],[-81.17347,32.34836]]]},"properties":{"overlapId":"ov-desc-12-jasper-okatie-230-kv-2-construct--gpc-gen-mcintosh-expansion","type":"Freshwater Pond","attribute":"PUBFx","acres":1.09}},{"type":"Feature","geometry":{"type":"Polygon","coordinates":[[[-81.17057,32.35145],[-81.17223,32.34952],[-81.1725,32.34883],[-81.1729,32.34894],[-81.17263,32.34979],[-81.17073,32.3519],[-81.17044,32.3518],[-81.1704,32.352],[-81.17005,32.35209],[-81.17015,32.35221],[-81.1705,32.35216],[-81.16961,32.35265],[-81.16938,32.35244],[-81.16941,32.35222],[-81.17057,32.35145]]]},"properties":{"overlapId":"ov-desc-12-jasper-okatie-230-kv-2-construct--gpc-gen-mcintosh-expansion","type":"Freshwater Pond","attribute":"PUBFx","acres":5.72}},{"type":"Feature","geometry":{"type":"Polygon","coordinates":[[[-81.17057,32.35145],[-81.17223,32.34952],[-81.1725,32.34883],[-81.1729,32.34894],[-81.17263,32.34979],[-81.17073,32.3519],[-81.17044,32.3518],[-81.1704,32.352],[-81.17005,32.35209],[-81.17015,32.35221],[-81.1705,32.35216],[-81.16961,32.35265],[-81.16938,32.35244],[-81.16941,32.35222],[-81.17057,32.35145]]]},"properties":{"overlapId":"ov-desc-12-jasper-okatie-230-kv-2-construct--gpc-gen-mcintosh-expansion","type":"Freshwater Pond","attribute":"PUBFx","acres":5.72}},{"type":"Feature","geometry":{"type":"Polygon","coordinates":[[[-81.16584,32.35105],[-81.16645,32.35113],[-81.16713,32.35073],[-81.16746,32.35095],[-81.1669,32.35134],[-81.16655,32.35134],[-81.16619,32.35156],[-81.16557,32.35153],[-81.16554,32.35122],[-81.16584,32.35105]]]},"properties":{"overlapId":"ov-desc-12-jasper-okatie-230-kv-2-construct--gpc-gen-mcintosh-expansion","type":"Freshwater Pond","attribute":"PUBHh","acres":1.83}},{"type":"Feature","geometry":{"type":"Polygon","coordinates":[[[-81.18259,32.34957],[-81.18096,32.3505],[-81.18074,32.35053],[-81.18247,32.34956],[-81.18259,32.34957]]]},"properties":{"overlapId":"ov-desc-12-jasper-okatie-230-kv-2-construct--gpc-gen-mcintosh-expansion","type":"Freshwater Pond","attribute":"PUBHx","acres":0.39}},{"type":"Feature","geometry":{"type":"Polygon","coordinates":[[[-81.16557,32.35387],[-81.16539,32.35353],[-81.16569,32.35344],[-81.16596,32.35406],[-81.16557,32.35387]]]},"properties":{"overlapId":"ov-desc-12-jasper-okatie-230-kv-2-construct--gpc-gen-mcintosh-expansion","type":"Freshwater Pond","attribute":"PUBHx","acres":0.47}},{"type":"Feature","geometry":{"type":"Polygon","coordinates":[[[-81.16617,32.35419],[-81.16637,32.35446],[-81.16596,32.3543],[-81.16617,32.35419]]]},"properties":{"overlapId":"ov-desc-12-jasper-okatie-230-kv-2-construct--gpc-gen-mcintosh-expansion","type":"Freshwater Pond","attribute":"PUBHx","acres":0.17}},{"type":"Feature","geometry":{"type":"Polygon","coordinates":[[[-81.16732,32.35642],[-81.16744,32.35649],[-81.16726,32.3567],[-81.16712,32.35665],[-81.16732,32.35642]]]},"properties":{"overlapId":"ov-desc-12-jasper-okatie-230-kv-2-construct--gpc-gen-mcintosh-expansion","type":"Freshwater Pond","attribute":"PUBHx","acres":0.1}},{"type":"Feature","geometry":{"type":"Polygon","coordinates":[[[-81.17499,32.35917],[-81.17489,32.35935],[-81.17469,32.35939],[-81.17471,32.35927],[-81.17499,32.35917]]]},"properties":{"overlapId":"ov-desc-12-jasper-okatie-230-kv-2-construct--gpc-gen-mcintosh-expansion","type":"Freshwater Pond","attribute":"PUBHx","acres":0.11}},{"type":"Feature","geometry":{"type":"MultiPolygon","coordinates":[[[[-81.11232,32.3617],[-81.11202,32.36157],[-81.1116,32.36009],[-81.11054,32.36027],[-81.1108,32.36163],[-81.1107,32.36177],[-81.11033,32.36179],[-81.1095,32.36107],[-81.10811,32.36126],[-81.10801,32.35968],[-81.11096,32.35837],[-81.11241,32.35731],[-81.11633,32.35753],[-81.11232,32.3617]]],[[[-81.11703,32.3568],[-81.11693,32.35691],[-81.11701,32.35679],[-81.11703,32.3568]]]]},"properties":{"overlapId":"ov-desc-12-jasper-okatie-230-kv-2-construct--gpc-gen-mcintosh-expansion","type":"Lake","attribute":"L1UBHx","acres":48.57}},{"type":"Feature","geometry":{"type":"Polygon","coordinates":[[[-81.08759,32.3581],[-81.08784,32.35807],[-81.08785,32.35793],[-81.08749,32.35742],[-81.08809,32.35755],[-81.08838,32.35783],[-81.0879,32.35848],[-81.08759,32.3581]]]},"properties":{"overlapId":"ov-desc-12-jasper-okatie-230-kv-2-construct--gpc-gen-mcintosh-expansion","type":"Freshwater Emergent Wetland","attribute":"PEM1A","acres":1.06}},{"type":"Feature","geometry":{"type":"Polygon","coordinates":[[[-81.08882,32.35757],[-81.08898,32.35819],[-81.08861,32.3586],[-81.08805,32.35873],[-81.08882,32.35757]]]},"properties":{"overlapId":"ov-desc-12-jasper-okatie-230-kv-2-construct--gpc-gen-mcintosh-expansion","type":"Freshwater Emergent Wetland","attribute":"PEM1A","acres":1.29}},{"type":"Feature","geometry":{"type":"Polygon","coordinates":[[[-81.08702,32.36125],[-81.08745,32.36118],[-81.08763,32.36129],[-81.08702,32.36125]]]},"properties":{"overlapId":"ov-desc-12-jasper-okatie-230-kv-2-construct--gpc-gen-mcintosh-expansion","type":"Freshwater Emergent Wetland","attribute":"PEM1A","acres":0.12}},{"type":"Feature","geometry":{"type":"Polygon","coordinates":[[[-81.12336,32.36141],[-81.12478,32.3614],[-81.12455,32.36151],[-81.12456,32.36179],[-81.12349,32.36189],[-81.12336,32.36141]]]},"properties":{"overlapId":"ov-desc-12-jasper-okatie-230-kv-2-construct--gpc-gen-mcintosh-expansion","type":"Freshwater Emergent Wetland","attribute":"PEM1Ad","acres":1.39}},{"type":"Feature","geometry":{"type":"Polygon","coordinates":[[[-81.15911,32.35474],[-81.15944,32.35544],[-81.15937,32.35566],[-81.15903,32.3548],[-81.15911,32.35474]]]},"properties":{"overlapId":"ov-desc-12-jasper-okatie-230-kv-2-construct--gpc-gen-mcintosh-expansion","type":"Freshwater Emergent Wetland","attribute":"PEM1C","acres":0.32}},{"type":"Feature","geometry":{"type":"Polygon","coordinates":[[[-81.14422,32.35503],[-81.14477,32.35511],[-81.14477,32.35528],[-81.14394,32.35532],[-81.14422,32.35503]]]},"properties":{"overlapId":"ov-desc-12-jasper-okatie-230-kv-2-construct--gpc-gen-mcintosh-expansion","type":"Freshwater Emergent Wetland","attribute":"PEM1C","acres":0.59}},{"type":"Feature","geometry":{"type":"Polygon","coordinates":[[[-81.14465,32.3562],[-81.14426,32.35636],[-81.14408,32.35622],[-81.1441,32.35596],[-81.14465,32.3562]]]},"properties":{"overlapId":"ov-desc-12-jasper-okatie-230-kv-2-construct--gpc-gen-mcintosh-expansion","type":"Freshwater Emergent Wetland","attribute":"PEM1C","acres":0.3}},{"type":"Feature","geometry":{"type":"Polygon","coordinates":[[[-81.15938,32.35837],[-81.15938,32.35793],[-81.15978,32.35843],[-81.16007,32.35822],[-81.15984,32.35775],[-81.16017,32.35787],[-81.16026,32.35837],[-81.16007,32.35859],[-81.15968,32.35859],[-81.15947,32.3593],[-81.15925,32.35935],[-81.15927,32.35878],[-81.15956,32.35854],[-81.15938,32.35837]]]},"properties":{"overlapId":"ov-desc-12-jasper-okatie-230-kv-2-construct--gpc-gen-mcintosh-expansion","type":"Freshwater Emergent Wetland","attribute":"PEM1C","acres":1.48}},{"type":"Feature","geometry":{"type":"Polygon","coordinates":[[[-81.14905,32.36387],[-81.14927,32.36088],[-81.14944,32.36069],[-81.14979,32.36065],[-81.14984,32.36033],[-81.15024,32.36054],[-81.15008,32.36081],[-81.14956,32.36096],[-81.14933,32.36166],[-81.1496,32.36211],[-81.14945,32.36209],[-81.14937,32.36381],[-81.14905,32.36387]]]},"properties":{"overlapId":"ov-desc-12-jasper-okatie-230-kv-2-construct--gpc-gen-mcintosh-expansion","type":"Freshwater Emergent Wetland","attribute":"PEM1C","acres":2.81}},{"type":"Feature","geometry":{"type":"Polygon","coordinates":[[[-81.13906,32.36344],[-81.13988,32.36498],[-81.13974,32.36519],[-81.13959,32.36519],[-81.13899,32.36414],[-81.13921,32.36398],[-81.13906,32.36344]]]},"properties":{"overlapId":"ov-desc-12-jasper-okatie-230-kv-2-construct--gpc-gen-mcintosh-expansion","type":"Freshwater Emergent Wetland","attribute":"PEM1C","acres":1.05}},{"type":"Feature","geometry":{"type":"Polygon","coordinates":[[[-81.13139,32.36433],[-81.13121,32.36433],[-81.13107,32.36455],[-81.13094,32.36408],[-81.13113,32.3634],[-81.13089,32.36326],[-81.13061,32.36352],[-81.13017,32.36361],[-81.1303,32.36339],[-81.13061,32.36331],[-81.1309,32.3628],[-81.13137,32.3628],[-81.13143,32.36222],[-81.13172,32.36242],[-81.13147,32.36281],[-81.13183,32.36353],[-81.1317,32.36464],[-81.13139,32.36433]]]},"properties":{"overlapId":"ov-desc-12-jasper-okatie-230-kv-2-construct--gpc-gen-mcintosh-expansion","type":"Freshwater Emergent Wetland","attribute":"PEM1C","acres":3.79}},{"type":"Feature","geometry":{"type":"Polygon","coordinates":[[[-81.13044,32.36677],[-81.13095,32.36623],[-81.13097,32.36586],[-81.13066,32.36538],[-81.13117,32.36487],[-81.1315,32.36508],[-81.13131,32.36563],[-81.13158,32.36603],[-81.13162,32.3668],[-81.13136,32.36684],[-81.13096,32.3665],[-81.13078,32.36674],[-81.13093,32.36692],[-81.13069,32.36696],[-81.13044,32.36677]]]},"properties":{"overlapId":"ov-desc-12-jasper-okatie-230-kv-2-construct--gpc-gen-mcintosh-expansion","type":"Freshwater Emergent Wetland","attribute":"PEM1C","acres":3.21}},{"type":"Feature","geometry":{"type":"MultiPolygon","coordinates":[[[[-81.1357,32.36578],[-81.13468,32.36385],[-81.13407,32.36219],[-81.13387,32.36135],[-81.13401,32.361],[-81.13353,32.36055],[-81.13276,32.35616],[-81.13242,32.35684],[-81.13233,32.3566],[-81.13242,32.3553],[-81.1326,32.35487],[-81.13292,32.35494],[-81.13278,32.35541],[-81.13287,32.35598],[-81.13355,32.35702],[-81.13373,32.35772],[-81.13392,32.35744],[-81.13394,32.358],[-81.13453,32.35889],[-81.13475,32.36002],[-81.13461,32.36089],[-81.13487,32.36116],[-81.13547,32.36341],[-81.13579,32.36359],[-81.13595,32.36395],[-81.13656,32.36429],[-81.13671,32.36458],[-81.13628,32.36472],[-81.13539,32.36388],[-81.13543,32.3644],[-81.13568,32.36468],[-81.13566,32.36526],[-81.13593,32.36574],[-81.13634,32.3658],[-81.13629,32.36602],[-81.13569,32.36612],[-81.1357,32.36578]]],[[[-81.13398,32.3664],[-81.13363,32.36571],[-81.13372,32.36527],[-81.13341,32.36488],[-81.13346,32.36458],[-81.1339,32.36439],[-81.13433,32.36483],[-81.13421,32.36505],[-81.13434,32.36634],[-81.13398,32.3664]]]]},"properties":{"overlapId":"ov-desc-12-jasper-okatie-230-kv-2-construct--gpc-gen-mcintosh-expansion","type":"Freshwater Emergent Wetland","attribute":"PEM1C","acres":28.08}},{"type":"Feature","geometry":{"type":"Polygon","coordinates":[[[-81.12731,32.36753],[-81.12499,32.36722],[-81.12488,32.36701],[-81.12528,32.36665],[-81.12685,32.36682],[-81.1273,32.36737],[-81.12731,32.36753]]]},"properties":{"overlapId":"ov-desc-12-jasper-okatie-230-kv-2-construct--gpc-gen-mcintosh-expansion","type":"Freshwater Emergent Wetland","attribute":"PEM1C","acres":3.33}},{"type":"Feature","geometry":{"type":"Polygon","coordinates":[[[-81.16114,32.36091],[-81.16084,32.36119],[-81.16039,32.36127],[-81.16088,32.36109],[-81.16114,32.36091]]]},"properties":{"overlapId":"ov-desc-12-jasper-okatie-230-kv-2-construct--gpc-gen-mcintosh-expansion","type":"Freshwater Emergent Wetland","attribute":"PEM1Cx","acres":0.08}},{"type":"Feature","geometry":{"type":"Polygon","coordinates":[[[-81.16114,32.36091],[-81.16084,32.36119],[-81.16039,32.36127],[-81.16088,32.36109],[-81.16114,32.36091]]]},"properties":{"overlapId":"ov-desc-12-jasper-okatie-230-kv-2-construct--gpc-gen-mcintosh-expansion","type":"Freshwater Emergent Wetland","attribute":"PEM1Cx","acres":0.08}},{"type":"Feature","geometry":{"type":"Polygon","coordinates":[[[-81.16128,32.36071],[-81.16083,32.36103],[-81.15964,32.36161],[-81.15988,32.36124],[-81.16028,32.36103],[-81.16068,32.36104],[-81.16128,32.36071]]]},"properties":{"overlapId":"ov-desc-12-jasper-okatie-230-kv-2-construct--gpc-gen-mcintosh-expansion","type":"Freshwater Emergent Wetland","attribute":"PEM1Cx","acres":0.53}},{"type":"Feature","geometry":{"type":"Polygon","coordinates":[[[-81.16128,32.36071],[-81.16083,32.36103],[-81.15964,32.36161],[-81.15988,32.36124],[-81.16028,32.36103],[-81.16068,32.36104],[-81.16128,32.36071]]]},"properties":{"overlapId":"ov-desc-12-jasper-okatie-230-kv-2-construct--gpc-gen-mcintosh-expansion","type":"Freshwater Emergent Wetland","attribute":"PEM1Cx","acres":0.53}},{"type":"Feature","geometry":{"type":"Polygon","coordinates":[[[-81.15942,32.36212],[-81.15995,32.36149],[-81.16033,32.36167],[-81.16092,32.36131],[-81.1615,32.36122],[-81.16179,32.3614],[-81.16067,32.36177],[-81.16052,32.36194],[-81.15942,32.36212]]]},"properties":{"overlapId":"ov-desc-12-jasper-okatie-230-kv-2-construct--gpc-gen-mcintosh-expansion","type":"Freshwater Emergent Wetland","attribute":"PEM1Cx","acres":1.99}},{"type":"Feature","geometry":{"type":"Polygon","coordinates":[[[-81.15942,32.36212],[-81.15995,32.36149],[-81.16033,32.36167],[-81.16092,32.36131],[-81.1615,32.36122],[-81.16179,32.3614],[-81.16067,32.36177],[-81.16052,32.36194],[-81.15942,32.36212]]]},"properties":{"overlapId":"ov-desc-12-jasper-okatie-230-kv-2-construct--gpc-gen-mcintosh-expansion","type":"Freshwater Emergent Wetland","attribute":"PEM1Cx","acres":1.99}},{"type":"Feature","geometry":{"type":"Polygon","coordinates":[[[-81.14148,32.35313],[-81.14213,32.35321],[-81.14181,32.35333],[-81.14148,32.35313]]]},"properties":{"overlapId":"ov-desc-12-jasper-okatie-230-kv-2-construct--gpc-gen-mcintosh-expansion","type":"Freshwater Emergent Wetland","attribute":"PEM1F","acres":0.22}},{"type":"Feature","geometry":{"type":"Polygon","coordinates":[[[-81.15251,32.35553],[-81.15273,32.35543],[-81.15292,32.35559],[-81.15259,32.3557],[-81.15251,32.35553]]]},"properties":{"overlapId":"ov-desc-12-jasper-okatie-230-kv-2-construct--gpc-gen-mcintosh-expansion","type":"Freshwater Emergent Wetland","attribute":"PEM1F","acres":0.21}},{"type":"Feature","geometry":{"type":"Polygon","coordinates":[[[-81.1283,32.35275],[-81.12923,32.35407],[-81.12883,32.35437],[-81.12837,32.35417],[-81.1283,32.35275]]]},"properties":{"overlapId":"ov-desc-12-jasper-okatie-230-kv-2-construct--gpc-gen-mcintosh-expansion","type":"Freshwater Emergent Wetland","attribute":"PEM1F","acres":1.88}},{"type":"Feature","geometry":{"type":"Polygon","coordinates":[[[-81.14617,32.35609],[-81.14652,32.35639],[-81.14652,32.35698],[-81.14637,32.35711],[-81.14619,32.35708],[-81.14598,32.35627],[-81.14617,32.35609]]]},"properties":{"overlapId":"ov-desc-12-jasper-okatie-230-kv-2-construct--gpc-gen-mcintosh-expansion","type":"Freshwater Emergent Wetland","attribute":"PEM1F","acres":0.97}},{"type":"Feature","geometry":{"type":"Polygon","coordinates":[[[-81.15889,32.36032],[-81.15907,32.36049],[-81.1593,32.3604],[-81.15978,32.35975],[-81.16001,32.3597],[-81.15999,32.35998],[-81.16083,32.35958],[-81.16112,32.36005],[-81.16044,32.36082],[-81.15933,32.36105],[-81.15864,32.36091],[-81.15853,32.3605],[-81.15889,32.36032]]]},"properties":{"overlapId":"ov-desc-12-jasper-okatie-230-kv-2-construct--gpc-gen-mcintosh-expansion","type":"Freshwater Emergent Wetland","attribute":"PEM1F","acres":5.32}},{"type":"Feature","geometry":{"type":"Polygon","coordinates":[[[-81.12728,32.36753],[-81.12685,32.36682],[-81.12934,32.36718],[-81.12728,32.36753]]]},"properties":{"overlapId":"ov-desc-12-jasper-okatie-230-kv-2-construct--gpc-gen-mcintosh-expansion","type":"Freshwater Emergent Wetland","attribute":"PEM1Fx","acres":2.24}},{"type":"Feature","geometry":{"type":"Polygon","coordinates":[[[-81.15067,32.3636],[-81.15035,32.36058],[-81.14969,32.36017],[-81.14959,32.35936],[-81.15058,32.35991],[-81.15114,32.3607],[-81.15116,32.36254],[-81.15083,32.36281],[-81.15067,32.3636]]]},"properties":{"overlapId":"ov-desc-12-jasper-okatie-230-kv-2-construct--gpc-gen-mcintosh-expansion","type":"Freshwater Forested/Shrub Wetland","attribute":"PFO1/2F","acres":6.66}},{"type":"Feature","geometry":{"type":"Polygon","coordinates":[[[-81.15074,32.36358],[-81.15091,32.36283],[-81.15119,32.3626],[-81.15153,32.36345],[-81.15074,32.36358]]]},"properties":{"overlapId":"ov-desc-12-jasper-okatie-230-kv-2-construct--gpc-gen-mcintosh-expansion","type":"Freshwater Forested/Shrub Wetland","attribute":"PFO1/2F","acres":1.16}},{"type":"Feature","geometry":{"type":"Polygon","coordinates":[[[-81.15162,32.36344],[-81.15124,32.36254],[-81.15121,32.36144],[-81.1515,32.36182],[-81.15207,32.36194],[-81.15222,32.3627],[-81.15269,32.36325],[-81.15162,32.36344]]]},"properties":{"overlapId":"ov-desc-12-jasper-okatie-230-kv-2-construct--gpc-gen-mcintosh-expansion","type":"Freshwater Forested/Shrub Wetland","attribute":"PFO1/2F","acres":3.83}},{"type":"Feature","geometry":{"type":"Polygon","coordinates":[[[-81.12484,32.36789],[-81.12499,32.36722],[-81.12718,32.36755],[-81.12484,32.36789]]]},"properties":{"overlapId":"ov-desc-12-jasper-okatie-230-kv-2-construct--gpc-gen-mcintosh-expansion","type":"Freshwater Forested/Shrub Wetland","attribute":"PFO1/4A","acres":2.33}},{"type":"Feature","geometry":{"type":"Polygon","coordinates":[[[-81.16052,32.36194],[-81.16082,32.36172],[-81.16088,32.36188],[-81.16052,32.36194]]]},"properties":{"overlapId":"ov-desc-12-jasper-okatie-230-kv-2-construct--gpc-gen-mcintosh-expansion","type":"Freshwater Forested/Shrub Wetland","attribute":"PFO1/4C","acres":0.1}},{"type":"Feature","geometry":{"type":"Polygon","coordinates":[[[-81.16394,32.3605],[-81.16434,32.3606],[-81.16433,32.36083],[-81.16409,32.36095],[-81.16431,32.36114],[-81.16476,32.36089],[-81.16498,32.36047],[-81.16531,32.36024],[-81.16541,32.36111],[-81.16377,32.36139],[-81.16394,32.3605]]]},"properties":{"overlapId":"ov-desc-12-jasper-okatie-230-kv-2-construct--gpc-gen-mcintosh-expansion","type":"Freshwater Forested/Shrub Wetland","attribute":"PFO1/4C","acres":2.14}},{"type":"Feature","geometry":{"type":"Polygon","coordinates":[[[-81.08497,32.35574],[-81.08702,32.35635],[-81.0873,32.35668],[-81.08784,32.35807],[-81.08759,32.3581],[-81.08672,32.35732],[-81.08473,32.35656],[-81.08303,32.35559],[-81.08497,32.35574]]]},"properties":{"overlapId":"ov-desc-12-jasper-okatie-230-kv-2-construct--gpc-gen-mcintosh-expansion","type":"Freshwater Forested/Shrub Wetland","attribute":"PFO1/4C","acres":9.07}},{"type":"Feature","geometry":{"type":"Polygon","coordinates":[[[-81.05641,32.35853],[-81.05684,32.35895],[-81.05676,32.35916],[-81.0564,32.35929],[-81.05601,32.35891],[-81.05641,32.35853]]]},"properties":{"overlapId":"ov-desc-12-jasper-okatie-230-kv-2-construct--gpc-gen-mcintosh-expansion","type":"Freshwater Forested/Shrub Wetland","attribute":"PFO1/4C","acres":0.99}},{"type":"Feature","geometry":{"type":"Polygon","coordinates":[[[-81.05729,32.35951],[-81.05753,32.35915],[-81.05791,32.35925],[-81.05767,32.35954],[-81.05729,32.35951]]]},"properties":{"overlapId":"ov-desc-12-jasper-okatie-230-kv-2-construct--gpc-gen-mcintosh-expansion","type":"Freshwater Forested/Shrub Wetland","attribute":"PFO1/4C","acres":0.38}},{"type":"Feature","geometry":{"type":"MultiPolygon","coordinates":[[[[-81.07977,32.36083],[-81.07988,32.36049],[-81.07963,32.3604],[-81.07978,32.36025],[-81.08004,32.36027],[-81.08025,32.36055],[-81.08077,32.36057],[-81.08147,32.36083],[-81.08144,32.36093],[-81.07977,32.36083]]],[[[-81.07914,32.36072],[-81.07912,32.36079],[-81.07872,32.36077],[-81.07914,32.36072]]]]},"properties":{"overlapId":"ov-desc-12-jasper-okatie-230-kv-2-construct--gpc-gen-mcintosh-expansion","type":"Freshwater Forested/Shrub Wetland","attribute":"PFO1/4C","acres":1.37}},{"type":"Feature","geometry":{"type":"Polygon","coordinates":[[[-81.06717,32.36004],[-81.06681,32.35937],[-81.06601,32.35865],[-81.06495,32.35848],[-81.06413,32.35811],[-81.06318,32.35798],[-81.06303,32.35767],[-81.06378,32.35742],[-81.06434,32.35759],[-81.06485,32.35745],[-81.06526,32.35714],[-81.06611,32.35706],[-81.06694,32.35813],[-81.06784,32.35863],[-81.06941,32.36022],[-81.06717,32.36004]]]},"properties":{"overlapId":"ov-desc-12-jasper-okatie-230-kv-2-construct--gpc-gen-mcintosh-expansion","type":"Freshwater Forested/Shrub Wetland","attribute":"PFO1/4C","acres":17.32}},{"type":"Feature","geometry":{"type":"Polygon","coordinates":[[[-81.15476,32.34977],[-81.15468,32.34957],[-81.15489,32.34923],[-81.15476,32.34977]]]},"properties":{"overlapId":"ov-desc-12-jasper-okatie-230-kv-2-construct--gpc-gen-mcintosh-expansion","type":"Freshwater Forested/Shrub Wetland","attribute":"PFO1A","acres":0.09}},{"type":"Feature","geometry":{"type":"MultiPolygon","coordinates":[[[[-81.15471,32.3482],[-81.15429,32.34978],[-81.15441,32.35007],[-81.15473,32.35021],[-81.15489,32.35103],[-81.15456,32.35179],[-81.15427,32.35191],[-81.15361,32.35171],[-81.15365,32.35098],[-81.15346,32.35085],[-81.15202,32.35075],[-81.15131,32.35045],[-81.15111,32.35019],[-81.15136,32.34983],[-81.15129,32.34952],[-81.15193,32.349],[-81.15242,32.34899],[-81.15265,32.34876],[-81.15317,32.34867],[-81.15327,32.34844],[-81.15471,32.3482]]],[[[-81.15004,32.34899],[-81.14962,32.34916],[-81.14945,32.34935],[-81.14928,32.34917],[-81.1489,32.34943],[-81.14935,32.34996],[-81.14965,32.35007],[-81.14892,32.35016],[-81.14873,32.35034],[-81.14872,32.35063],[-81.1479,32.35028],[-81.14734,32.35048],[-81.14789,32.34979],[-81.14802,32.34933],[-81.15004,32.34899]]]]},"properties":{"overlapId":"ov-desc-12-jasper-okatie-230-kv-2-construct--gpc-gen-mcintosh-expansion","type":"Freshwater Forested/Shrub Wetland","attribute":"PFO1A","acres":24.88}},{"type":"Feature","geometry":{"type":"Polygon","coordinates":[[[-81.14647,32.35117],[-81.14663,32.35162],[-81.14647,32.35133],[-81.14647,32.35117]]]},"properties":{"overlapId":"ov-desc-12-jasper-okatie-230-kv-2-construct--gpc-gen-mcintosh-expansion","type":"Freshwater Forested/Shrub Wetland","attribute":"PFO1A","acres":0.03}},{"type":"Feature","geometry":{"type":"Polygon","coordinates":[[[-81.1532,32.35458],[-81.15361,32.35178],[-81.15426,32.35198],[-81.1545,32.35191],[-81.15493,32.35132],[-81.1554,32.35177],[-81.15669,32.3519],[-81.15694,32.35147],[-81.15725,32.3514],[-81.15755,32.35187],[-81.15747,32.35202],[-81.1554,32.35288],[-81.15333,32.3546],[-81.1532,32.35458]]]},"properties":{"overlapId":"ov-desc-12-jasper-okatie-230-kv-2-construct--gpc-gen-mcintosh-expansion","type":"Freshwater Forested/Shrub Wetland","attribute":"PFO1A","acres":13.76}},{"type":"Feature","geometry":{"type":"Polygon","coordinates":[[[-81.15357,32.35575],[-81.1538,32.35582],[-81.15383,32.35601],[-81.15341,32.35633],[-81.15285,32.35634],[-81.15289,32.35603],[-81.15357,32.35575]]]},"properties":{"overlapId":"ov-desc-12-jasper-okatie-230-kv-2-construct--gpc-gen-mcintosh-expansion","type":"Freshwater Forested/Shrub Wetland","attribute":"PFO1A","acres":0.93}},{"type":"Feature","geometry":{"type":"Polygon","coordinates":[[[-81.1369,32.35557],[-81.13675,32.35579],[-81.13689,32.35644],[-81.13672,32.35672],[-81.13647,32.35489],[-81.1372,32.35491],[-81.13759,32.35529],[-81.13786,32.35596],[-81.13783,32.35647],[-81.13754,32.35704],[-81.13729,32.35695],[-81.1369,32.35557]]]},"properties":{"overlapId":"ov-desc-12-jasper-okatie-230-kv-2-construct--gpc-gen-mcintosh-expansion","type":"Freshwater Forested/Shrub Wetland","attribute":"PFO1A","acres":4.55}},{"type":"Feature","geometry":{"type":"Polygon","coordinates":[[[-81.15056,32.35852],[-81.15063,32.35872],[-81.15038,32.35886],[-81.15034,32.3587],[-81.15056,32.35852]]]},"properties":{"overlapId":"ov-desc-12-jasper-okatie-230-kv-2-construct--gpc-gen-mcintosh-expansion","type":"Freshwater Forested/Shrub Wetland","attribute":"PFO1A","acres":0.16}},{"type":"Feature","geometry":{"type":"Polygon","coordinates":[[[-81.13448,32.35587],[-81.13422,32.35584],[-81.13348,32.35496],[-81.1363,32.35497],[-81.13666,32.3577],[-81.13642,32.35776],[-81.13572,32.3567],[-81.13448,32.35587]]]},"properties":{"overlapId":"ov-desc-12-jasper-okatie-230-kv-2-construct--gpc-gen-mcintosh-expansion","type":"Freshwater Forested/Shrub Wetland","attribute":"PFO1A","acres":10.37}},{"type":"Feature","geometry":{"type":"Polygon","coordinates":[[[-81.12764,32.35579],[-81.12766,32.35546],[-81.12815,32.35567],[-81.12838,32.35562],[-81.12875,32.35626],[-81.12876,32.3569],[-81.12764,32.35579]]]},"properties":{"overlapId":"ov-desc-12-jasper-okatie-230-kv-2-construct--gpc-gen-mcintosh-expansion","type":"Freshwater Forested/Shrub Wetland","attribute":"PFO1A","acres":1.66}},{"type":"Feature","geometry":{"type":"Polygon","coordinates":[[[-81.12766,32.36071],[-81.12783,32.36087],[-81.12768,32.36178],[-81.12733,32.36186],[-81.12709,32.36168],[-81.12713,32.36094],[-81.12736,32.36072],[-81.12766,32.36071]]]},"properties":{"overlapId":"ov-desc-12-jasper-okatie-230-kv-2-construct--gpc-gen-mcintosh-expansion","type":"Freshwater Forested/Shrub Wetland","attribute":"PFO1A","acres":1.79}},{"type":"Feature","geometry":{"type":"Polygon","coordinates":[[[-81.09632,32.35802],[-81.09625,32.35817],[-81.09576,32.35815],[-81.09576,32.35796],[-81.09611,32.3579],[-81.09632,32.35802]]]},"properties":{"overlapId":"ov-desc-12-jasper-okatie-230-kv-2-construct--gpc-gen-mcintosh-expansion","type":"Freshwater Forested/Shrub Wetland","attribute":"PFO1A","acres":0.34}},{"type":"Feature","geometry":{"type":"Polygon","coordinates":[[[-81.11826,32.361],[-81.12171,32.3609],[-81.12171,32.36158],[-81.12096,32.36137],[-81.12035,32.36146],[-81.11943,32.36111],[-81.11904,32.3611],[-81.11864,32.36129],[-81.11837,32.36122],[-81.11826,32.361]]]},"properties":{"overlapId":"ov-desc-12-jasper-okatie-230-kv-2-construct--gpc-gen-mcintosh-expansion","type":"Freshwater Forested/Shrub Wetland","attribute":"PFO1A","acres":3.41}},{"type":"Feature","geometry":{"type":"Polygon","coordinates":[[[-81.11479,32.36149],[-81.11587,32.36097],[-81.11694,32.36087],[-81.1185,32.36048],[-81.11902,32.36083],[-81.11962,32.36076],[-81.11983,32.36088],[-81.11804,32.36084],[-81.11649,32.36099],[-81.11531,32.36124],[-81.11461,32.36168],[-81.11383,32.3617],[-81.11396,32.36157],[-81.11479,32.36149]]]},"properties":{"overlapId":"ov-desc-12-jasper-okatie-230-kv-2-construct--gpc-gen-mcintosh-expansion","type":"Freshwater Forested/Shrub Wetland","attribute":"PFO1A","acres":2.43}},{"type":"Feature","geometry":{"type":"Polygon","coordinates":[[[-81.11372,32.3617],[-81.11357,32.3617],[-81.11382,32.36157],[-81.11372,32.3617]]]},"properties":{"overlapId":"ov-desc-12-jasper-okatie-230-kv-2-construct--gpc-gen-mcintosh-expansion","type":"Freshwater Forested/Shrub Wetland","attribute":"PFO1A","acres":0.04}},{"type":"Feature","geometry":{"type":"Polygon","coordinates":[[[-81.11463,32.36175],[-81.11535,32.36131],[-81.11708,32.36104],[-81.11665,32.36114],[-81.11642,32.36137],[-81.11527,32.3615],[-81.11489,32.36177],[-81.11369,32.36184],[-81.11463,32.36175]]]},"properties":{"overlapId":"ov-desc-12-jasper-okatie-230-kv-2-construct--gpc-gen-mcintosh-expansion","type":"Freshwater Forested/Shrub Wetland","attribute":"PFO1A","acres":1.14}},{"type":"Feature","geometry":{"type":"Polygon","coordinates":[[[-81.11365,32.36177],[-81.11352,32.36186],[-81.11353,32.36177],[-81.11365,32.36177]]]},"properties":{"overlapId":"ov-desc-12-jasper-okatie-230-kv-2-construct--gpc-gen-mcintosh-expansion","type":"Freshwater Forested/Shrub Wetland","attribute":"PFO1A","acres":0.01}},{"type":"Feature","geometry":{"type":"Polygon","coordinates":[[[-81.11115,32.36158],[-81.11149,32.3617],[-81.11167,32.3619],[-81.11083,32.36202],[-81.11099,32.36198],[-81.11093,32.36177],[-81.11115,32.36158]]]},"properties":{"overlapId":"ov-desc-12-jasper-okatie-230-kv-2-construct--gpc-gen-mcintosh-expansion","type":"Freshwater Forested/Shrub Wetland","attribute":"PFO1A","acres":0.51}},{"type":"Feature","geometry":{"type":"Polygon","coordinates":[[[-81.04271,32.35323],[-81.04254,32.35367],[-81.04243,32.35362],[-81.04254,32.35322],[-81.04271,32.35323]]]},"properties":{"overlapId":"ov-desc-12-jasper-okatie-230-kv-2-construct--gpc-gen-mcintosh-expansion","type":"Freshwater Forested/Shrub Wetland","attribute":"PFO1A","acres":0.17}},{"type":"Feature","geometry":{"type":"MultiPolygon","coordinates":[[[[-81.05407,32.35397],[-81.05263,32.35472],[-81.05188,32.35494],[-81.05043,32.35465],[-81.05007,32.35434],[-81.04979,32.35449],[-81.04871,32.35435],[-81.04798,32.35411],[-81.0478,32.35381],[-81.04726,32.35375],[-81.0465,32.35421],[-81.04591,32.35408],[-81.04637,32.35399],[-81.04667,32.35347],[-81.04696,32.35348],[-81.04704,32.35376],[-81.04712,32.35366],[-81.04778,32.35368],[-81.04778,32.35353],[-81.0482,32.35356],[-81.04828,32.3538],[-81.04868,32.35385],[-81.04886,32.35359],[-81.05,32.35366],[-81.05084,32.35421],[-81.05215,32.35445],[-81.05324,32.35385],[-81.0545,32.35392],[-81.05407,32.35397]]],[[[-81.05692,32.3544],[-81.05788,32.35459],[-81.05785,32.3547],[-81.05734,32.35486],[-81.05723,32.35519],[-81.05696,32.35519],[-81.05656,32.35452],[-81.0556,32.35399],[-81.05654,32.35404],[-81.05692,32.3544]]]]},"properties":{"overlapId":"ov-desc-12-jasper-okatie-230-kv-2-construct--gpc-gen-mcintosh-expansion","type":"Freshwater Forested/Shrub Wetland","attribute":"PFO1A","acres":12.04}},{"type":"Feature","geometry":{"type":"Polygon","coordinates":[[[-81.10778,32.36246],[-81.10657,32.36191],[-81.10659,32.36154],[-81.106,32.36139],[-81.10539,32.36163],[-81.10525,32.36123],[-81.10535,32.36067],[-81.10603,32.36021],[-81.10644,32.3603],[-81.10647,32.35993],[-81.10631,32.35972],[-81.10646,32.35952],[-81.10686,32.35948],[-81.10725,32.35892],[-81.10759,32.35923],[-81.10734,32.36005],[-81.10755,32.36044],[-81.10727,32.36098],[-81.10727,32.36142],[-81.10751,32.36172],[-81.10831,32.36191],[-81.10962,32.3616],[-81.11029,32.36209],[-81.10916,32.36223],[-81.10898,32.36205],[-81.10878,32.3624],[-81.10866,32.36226],[-81.10778,32.36246]]]},"properties":{"overlapId":"ov-desc-12-jasper-okatie-230-kv-2-construct--gpc-gen-mcintosh-expansion","type":"Freshwater Forested/Shrub Wetland","attribute":"PFO1A","acres":13.43}},{"type":"Feature","geometry":{"type":"Polygon","coordinates":[[[-81.12674,32.36319],[-81.12708,32.36341],[-81.12735,32.36397],[-81.12753,32.36521],[-81.12735,32.36537],[-81.12733,32.36489],[-81.12683,32.36397],[-81.12674,32.36319]]]},"properties":{"overlapId":"ov-desc-12-jasper-okatie-230-kv-2-construct--gpc-gen-mcintosh-expansion","type":"Freshwater Forested/Shrub Wetland","attribute":"PFO1A","acres":1.85}},{"type":"Feature","geometry":{"type":"Polygon","coordinates":[[[-81.10939,32.36256],[-81.1093,32.36229],[-81.11169,32.36197],[-81.11164,32.36244],[-81.11114,32.36263],[-81.10939,32.36256]]]},"properties":{"overlapId":"ov-desc-12-jasper-okatie-230-kv-2-construct--gpc-gen-mcintosh-expansion","type":"Freshwater Forested/Shrub Wetland","attribute":"PFO1A","acres":2.8}},{"type":"Feature","geometry":{"type":"Polygon","coordinates":[[[-81.08956,32.3609],[-81.08956,32.36036],[-81.08917,32.35998],[-81.08909,32.35948],[-81.08801,32.35881],[-81.08861,32.3586],[-81.08898,32.35819],[-81.08953,32.35895],[-81.09019,32.36036],[-81.09019,32.36081],[-81.08987,32.36095],[-81.09016,32.36144],[-81.08993,32.36142],[-81.08956,32.3609]]]},"properties":{"overlapId":"ov-desc-12-jasper-okatie-230-kv-2-construct--gpc-gen-mcintosh-expansion","type":"Freshwater Forested/Shrub Wetland","attribute":"PFO1A","acres":5.47}},{"type":"Feature","geometry":{"type":"Polygon","coordinates":[[[-81.11933,32.36282],[-81.12024,32.36374],[-81.12097,32.36396],[-81.1208,32.36483],[-81.12115,32.36591],[-81.12025,32.36482],[-81.12013,32.36416],[-81.11906,32.36311],[-81.11904,32.36283],[-81.11933,32.36282]]]},"properties":{"overlapId":"ov-desc-12-jasper-okatie-230-kv-2-construct--gpc-gen-mcintosh-expansion","type":"Freshwater Forested/Shrub Wetland","attribute":"PFO1A","acres":3.87}},{"type":"Feature","geometry":{"type":"Polygon","coordinates":[[[-81.12716,32.36683],[-81.12723,32.36634],[-81.12754,32.36586],[-81.12815,32.3658],[-81.12859,32.3661],[-81.12837,32.36702],[-81.12716,32.36683]]]},"properties":{"overlapId":"ov-desc-12-jasper-okatie-230-kv-2-construct--gpc-gen-mcintosh-expansion","type":"Freshwater Forested/Shrub Wetland","attribute":"PFO1A","acres":3.34}},{"type":"Feature","geometry":{"type":"Polygon","coordinates":[[[-81.06008,32.35724],[-81.06033,32.35686],[-81.06087,32.35658],[-81.06182,32.35694],[-81.06199,32.35743],[-81.06181,32.35773],[-81.06156,32.35748],[-81.06162,32.35714],[-81.06134,32.3569],[-81.06056,32.35686],[-81.06071,32.35738],[-81.06129,32.35765],[-81.0616,32.35797],[-81.06154,32.35831],[-81.06107,32.35864],[-81.06067,32.35859],[-81.06035,32.35825],[-81.06008,32.35724]]]},"properties":{"overlapId":"ov-desc-12-jasper-okatie-230-kv-2-construct--gpc-gen-mcintosh-expansion","type":"Freshwater Forested/Shrub Wetland","attribute":"PFO1A","acres":5.01}},{"type":"Feature","geometry":{"type":"Polygon","coordinates":[[[-81.04548,32.35588],[-81.04567,32.35548],[-81.04655,32.35539],[-81.04726,32.35474],[-81.04961,32.35506],[-81.04947,32.35522],[-81.04906,32.35516],[-81.04898,32.35536],[-81.04764,32.35521],[-81.04716,32.35539],[-81.04684,32.35613],[-81.0463,32.35608],[-81.04616,32.35685],[-81.04587,32.3568],[-81.04572,32.35614],[-81.04548,32.35588]]]},"properties":{"overlapId":"ov-desc-12-jasper-okatie-230-kv-2-construct--gpc-gen-mcintosh-expansion","type":"Freshwater Forested/Shrub Wetland","attribute":"PFO1A","acres":6.09}},{"type":"Feature","geometry":{"type":"Polygon","coordinates":[[[-81.07932,32.36058],[-81.07915,32.36029],[-81.07924,32.35997],[-81.0795,32.3599],[-81.07984,32.36025],[-81.07963,32.3604],[-81.07988,32.36049],[-81.0799,32.36071],[-81.07977,32.36083],[-81.0791,32.36079],[-81.07932,32.36058]]]},"properties":{"overlapId":"ov-desc-12-jasper-okatie-230-kv-2-construct--gpc-gen-mcintosh-expansion","type":"Freshwater Forested/Shrub Wetland","attribute":"PFO1A","acres":1.28}},{"type":"Feature","geometry":{"type":"MultiPolygon","coordinates":[[[[-81.06922,32.36013],[-81.06784,32.35863],[-81.06694,32.35813],[-81.06611,32.35706],[-81.06526,32.35714],[-81.06485,32.35745],[-81.06434,32.35759],[-81.06365,32.35745],[-81.06298,32.3578],[-81.06318,32.35798],[-81.06413,32.35811],[-81.06495,32.35848],[-81.06601,32.35865],[-81.06681,32.35937],[-81.06729,32.3601],[-81.06592,32.3598],[-81.06602,32.35932],[-81.06586,32.35902],[-81.06498,32.35883],[-81.06407,32.35837],[-81.06367,32.35837],[-81.06315,32.35863],[-81.06279,32.35832],[-81.06268,32.35846],[-81.06226,32.35848],[-81.06266,32.35792],[-81.06281,32.35724],[-81.06286,32.35652],[-81.06263,32.35612],[-81.06164,32.35587],[-81.06106,32.35611],[-81.06094,32.35631],[-81.0598,32.3565],[-81.05945,32.35681],[-81.05914,32.35665],[-81.05853,32.35674],[-81.05788,32.35663],[-81.05749,32.35632],[-81.05726,32.35581],[-81.05733,32.35548],[-81.05764,32.3557],[-81.05831,32.35578],[-81.05859,32.35616],[-81.05914,32.35646],[-81.0598,32.35642],[-81.06012,32.35595],[-81.06068,32.35598],[-81.06071,32.35546],[-81.06108,32.35556],[-81.06127,32.35516],[-81.06118,32.35457],[-81.06147,32.35433],[-81.06179,32.35435],[-81.06175,32.35483],[-81.06138,32.35477],[-81.06164,32.35514],[-81.06186,32.35517],[-81.0622,32.35492],[-81.06272,32.35506],[-81.06301,32.35456],[-81.0631,32.35483],[-81.06383,32.35498],[-81.06443,32.35538],[-81.06599,32.35565],[-81.06658,32.35678],[-81.06762,32.35681],[-81.06755,32.35573],[-81.06725,32.35497],[-81.06732,32.35468],[-81.06787,32.35471],[-81.06826,32.35576],[-81.06825,32.35671],[-81.06784,32.35694],[-81.06787,32.35833],[-81.06841,32.35871],[-81.069,32.35956],[-81.0711,32.3596],[-81.07145,32.35975],[-81.07169,32.36027],[-81.07196,32.36037],[-81.06922,32.36013]]],[[[-81.07219,32.36037],[-81.07249,32.36],[-81.073,32.36001],[-81.07302,32.36043],[-81.07219,32.36037]]]]},"properties":{"overlapId":"ov-desc-12-jasper-okatie-230-kv-2-construct--gpc-gen-mcintosh-expansion","type":"Freshwater Forested/Shrub Wetland","attribute":"PFO1A","acres":51.29}},{"type":"Feature","geometry":{"type":"Polygon","coordinates":[[[-81.15326,32.3486],[-81.15265,32.34876],[-81.15242,32.34899],[-81.15193,32.349],[-81.15157,32.34927],[-81.15126,32.34958],[-81.15136,32.34983],[-81.15111,32.35019],[-81.15136,32.35044],[-81.14935,32.34996],[-81.14891,32.34955],[-81.14928,32.34917],[-81.14945,32.34935],[-81.15004,32.34899],[-81.15327,32.34844],[-81.15326,32.3486]]]},"properties":{"overlapId":"ov-desc-12-jasper-okatie-230-kv-2-construct--gpc-gen-mcintosh-expansion","type":"Freshwater Forested/Shrub Wetland","attribute":"PFO1C","acres":8.46}},{"type":"Feature","geometry":{"type":"Polygon","coordinates":[[[-81.15473,32.35021],[-81.15511,32.35025],[-81.15547,32.35051],[-81.15489,32.35103],[-81.15473,32.35021]]]},"properties":{"overlapId":"ov-desc-12-jasper-okatie-230-kv-2-construct--gpc-gen-mcintosh-expansion","type":"Freshwater Forested/Shrub Wetland","attribute":"PFO1C","acres":0.82}},{"type":"Feature","geometry":{"type":"Polygon","coordinates":[[[-81.15762,32.35191],[-81.15724,32.35144],[-81.15741,32.35093],[-81.15766,32.35094],[-81.15792,32.35116],[-81.15786,32.35154],[-81.15841,32.3517],[-81.15899,32.35261],[-81.15847,32.35226],[-81.15843,32.35207],[-81.15762,32.35191]]]},"properties":{"overlapId":"ov-desc-12-jasper-okatie-230-kv-2-construct--gpc-gen-mcintosh-expansion","type":"Freshwater Forested/Shrub Wetland","attribute":"PFO1C","acres":2.24}},{"type":"Feature","geometry":{"type":"Polygon","coordinates":[[[-81.14672,32.35166],[-81.14673,32.35166],[-81.14672,32.35167],[-81.14672,32.35166]]]},"properties":{"overlapId":"ov-desc-12-jasper-okatie-230-kv-2-construct--gpc-gen-mcintosh-expansion","type":"Freshwater Forested/Shrub Wetland","attribute":"PFO1C","acres":0.0}},{"type":"Feature","geometry":{"type":"Polygon","coordinates":[[[-81.13483,32.35155],[-81.13569,32.35369],[-81.13556,32.35381],[-81.13357,32.3538],[-81.13339,32.35306],[-81.13348,32.35177],[-81.13483,32.35155]]]},"properties":{"overlapId":"ov-desc-12-jasper-okatie-230-kv-2-construct--gpc-gen-mcintosh-expansion","type":"Freshwater Forested/Shrub Wetland","attribute":"PFO1C","acres":10.3}},{"type":"Feature","geometry":{"type":"Polygon","coordinates":[[[-81.14438,32.3538],[-81.14389,32.35372],[-81.14429,32.35339],[-81.14475,32.35332],[-81.14547,32.35413],[-81.14736,32.35574],[-81.14746,32.35613],[-81.14716,32.35699],[-81.14739,32.35787],[-81.14837,32.35883],[-81.14959,32.35936],[-81.1496,32.35998],[-81.14826,32.35942],[-81.1474,32.35869],[-81.14662,32.35715],[-81.14691,32.35617],[-81.14505,32.35429],[-81.14438,32.3538]]]},"properties":{"overlapId":"ov-desc-12-jasper-okatie-230-kv-2-construct--gpc-gen-mcintosh-expansion","type":"Freshwater Forested/Shrub Wetland","attribute":"PFO1C","acres":12.38}},{"type":"Feature","geometry":{"type":"Polygon","coordinates":[[[-81.13448,32.35587],[-81.13599,32.357],[-81.13613,32.35808],[-81.13582,32.35822],[-81.13507,32.35707],[-81.13434,32.3564],[-81.13426,32.35584],[-81.13448,32.35587]]]},"properties":{"overlapId":"ov-desc-12-jasper-okatie-230-kv-2-construct--gpc-gen-mcintosh-expansion","type":"Freshwater Forested/Shrub Wetland","attribute":"PFO1C","acres":4.38}},{"type":"Feature","geometry":{"type":"Polygon","coordinates":[[[-81.15091,32.36016],[-81.15109,32.36042],[-81.15099,32.36028],[-81.15091,32.36016]]]},"properties":{"overlapId":"ov-desc-12-jasper-okatie-230-kv-2-construct--gpc-gen-mcintosh-expansion","type":"Freshwater Forested/Shrub Wetland","attribute":"PFO1C","acres":0.0}},{"type":"Feature","geometry":{"type":"Polygon","coordinates":[[[-81.15116,32.36056],[-81.15124,32.36082],[-81.1512,32.36077],[-81.15116,32.36056]]]},"properties":{"overlapId":"ov-desc-12-jasper-okatie-230-kv-2-construct--gpc-gen-mcintosh-expansion","type":"Freshwater Forested/Shrub Wetland","attribute":"PFO1C","acres":0.01}},{"type":"Feature","geometry":{"type":"Polygon","coordinates":[[[-81.15968,32.36146],[-81.15971,32.36159],[-81.15916,32.3619],[-81.15916,32.36174],[-81.15968,32.36146]]]},"properties":{"overlapId":"ov-desc-12-jasper-okatie-230-kv-2-construct--gpc-gen-mcintosh-expansion","type":"Freshwater Forested/Shrub Wetland","attribute":"PFO1C","acres":0.17}},{"type":"Feature","geometry":{"type":"Polygon","coordinates":[[[-81.15971,32.36168],[-81.15943,32.36202],[-81.15931,32.36206],[-81.15923,32.36198],[-81.15971,32.36168]]]},"properties":{"overlapId":"ov-desc-12-jasper-okatie-230-kv-2-construct--gpc-gen-mcintosh-expansion","type":"Freshwater Forested/Shrub Wetland","attribute":"PFO1C","acres":0.14}},{"type":"Feature","geometry":{"type":"Polygon","coordinates":[[[-81.15913,32.36208],[-81.15916,32.36205],[-81.15912,32.36217],[-81.15913,32.36208]]]},"properties":{"overlapId":"ov-desc-12-jasper-okatie-230-kv-2-construct--gpc-gen-mcintosh-expansion","type":"Freshwater Forested/Shrub Wetland","attribute":"PFO1C","acres":0.0}},{"type":"Feature","geometry":{"type":"Polygon","coordinates":[[[-81.15121,32.36144],[-81.15126,32.36059],[-81.15086,32.35997],[-81.15005,32.35927],[-81.15015,32.35905],[-81.1508,32.35915],[-81.15119,32.35956],[-81.15207,32.36194],[-81.1515,32.36182],[-81.15121,32.36144]]]},"properties":{"overlapId":"ov-desc-12-jasper-okatie-230-kv-2-construct--gpc-gen-mcintosh-expansion","type":"Freshwater Forested/Shrub Wetland","attribute":"PFO1C","acres":4.09}},{"type":"Feature","geometry":{"type":"Polygon","coordinates":[[[-81.1369,32.36029],[-81.13648,32.35999],[-81.13612,32.35937],[-81.13586,32.35829],[-81.13623,32.35824],[-81.13658,32.35921],[-81.13696,32.35955],[-81.1373,32.35865],[-81.13788,32.3578],[-81.13788,32.35745],[-81.13766,32.35759],[-81.13676,32.35735],[-81.13682,32.3556],[-81.13729,32.35695],[-81.13754,32.35704],[-81.13783,32.35647],[-81.13786,32.35596],[-81.13759,32.35529],[-81.1372,32.35491],[-81.13825,32.35489],[-81.13846,32.35471],[-81.13819,32.35426],[-81.13816,32.35383],[-81.13781,32.3537],[-81.13767,32.35324],[-81.13848,32.35368],[-81.13848,32.35418],[-81.13868,32.35459],[-81.13803,32.35838],[-81.13761,32.35893],[-81.1373,32.36025],[-81.1369,32.36029]]]},"properties":{"overlapId":"ov-desc-12-jasper-okatie-230-kv-2-construct--gpc-gen-mcintosh-expansion","type":"Freshwater Forested/Shrub Wetland","attribute":"PFO1C","acres":14.12}},{"type":"Feature","geometry":{"type":"Polygon","coordinates":[[[-81.16082,32.36172],[-81.16356,32.36089],[-81.16347,32.36144],[-81.16088,32.36188],[-81.16082,32.36172]]]},"properties":{"overlapId":"ov-desc-12-jasper-okatie-230-kv-2-construct--gpc-gen-mcintosh-expansion","type":"Freshwater Forested/Shrub Wetland","attribute":"PFO1C","acres":2.4}},{"type":"Feature","geometry":{"type":"Polygon","coordinates":[[[-81.15521,32.3624],[-81.15599,32.36266],[-81.15653,32.36254],[-81.15731,32.36172],[-81.15791,32.36148],[-81.15835,32.3616],[-81.15852,32.36187],[-81.15909,32.362],[-81.15908,32.36218],[-81.15552,32.36278],[-81.15521,32.3624]]]},"properties":{"overlapId":"ov-desc-12-jasper-okatie-230-kv-2-construct--gpc-gen-mcintosh-expansion","type":"Freshwater Forested/Shrub Wetland","attribute":"PFO1C","acres":4.08}},{"type":"Feature","geometry":{"type":"Polygon","coordinates":[[[-81.15312,32.36318],[-81.15197,32.36011],[-81.15164,32.35961],[-81.15217,32.35909],[-81.15244,32.35902],[-81.15288,32.35941],[-81.15362,32.3595],[-81.15421,32.36174],[-81.15501,32.3623],[-81.15542,32.36279],[-81.15312,32.36318]]]},"properties":{"overlapId":"ov-desc-12-jasper-okatie-230-kv-2-construct--gpc-gen-mcintosh-expansion","type":"Freshwater Forested/Shrub Wetland","attribute":"PFO1C","acres":18.63}},{"type":"Feature","geometry":{"type":"Polygon","coordinates":[[[-81.14329,32.36234],[-81.14242,32.36176],[-81.14199,32.36058],[-81.14104,32.3593],[-81.14068,32.35899],[-81.14018,32.35906],[-81.14001,32.35896],[-81.13964,32.35696],[-81.13942,32.35654],[-81.13966,32.35667],[-81.13982,32.35656],[-81.1402,32.358],[-81.14049,32.35835],[-81.14275,32.3602],[-81.14321,32.36155],[-81.14391,32.36226],[-81.14439,32.36371],[-81.14421,32.3638],[-81.14392,32.36363],[-81.14369,32.36286],[-81.14329,32.36234]]]},"properties":{"overlapId":"ov-desc-12-jasper-okatie-230-kv-2-construct--gpc-gen-mcintosh-expansion","type":"Freshwater Forested/Shrub Wetland","attribute":"PFO1C","acres":12.11}},{"type":"Feature","geometry":{"type":"Polygon","coordinates":[[[-81.0915,32.35663],[-81.09145,32.35692],[-81.09082,32.35692],[-81.09098,32.35659],[-81.0915,32.35663]]]},"properties":{"overlapId":"ov-desc-12-jasper-okatie-230-kv-2-construct--gpc-gen-mcintosh-expansion","type":"Freshwater Forested/Shrub Wetland","attribute":"PFO1C","acres":0.52}},{"type":"Feature","geometry":{"type":"Polygon","coordinates":[[[-81.12455,32.36176],[-81.12455,32.36151],[-81.12474,32.36142],[-81.1257,32.3614],[-81.12598,32.36156],[-81.12592,32.36207],[-81.12483,32.36206],[-81.12455,32.36176]]]},"properties":{"overlapId":"ov-desc-12-jasper-okatie-230-kv-2-construct--gpc-gen-mcintosh-expansion","type":"Freshwater Forested/Shrub Wetland","attribute":"PFO1C","acres":2.03}},{"type":"Feature","geometry":{"type":"Polygon","coordinates":[[[-81.12247,32.36198],[-81.122,32.36164],[-81.12199,32.36113],[-81.12245,32.36137],[-81.12329,32.36134],[-81.1235,32.36165],[-81.12344,32.36205],[-81.12332,32.36214],[-81.12247,32.36198]]]},"properties":{"overlapId":"ov-desc-12-jasper-okatie-230-kv-2-construct--gpc-gen-mcintosh-expansion","type":"Freshwater Forested/Shrub Wetland","attribute":"PFO1C","acres":2.37}},{"type":"Feature","geometry":{"type":"Polygon","coordinates":[[[-81.07337,32.35621],[-81.0735,32.35582],[-81.07379,32.35582],[-81.07394,32.35597],[-81.07387,32.35619],[-81.07337,32.35621]]]},"properties":{"overlapId":"ov-desc-12-jasper-okatie-230-kv-2-construct--gpc-gen-mcintosh-expansion","type":"Freshwater Forested/Shrub Wetland","attribute":"PFO1C","acres":0.51}},{"type":"Feature","geometry":{"type":"Polygon","coordinates":[[[-81.07537,32.35701],[-81.07535,32.35678],[-81.07572,32.35683],[-81.07571,32.35705],[-81.07537,32.35701]]]},"properties":{"overlapId":"ov-desc-12-jasper-okatie-230-kv-2-construct--gpc-gen-mcintosh-expansion","type":"Freshwater Forested/Shrub Wetland","attribute":"PFO1C","acres":0.21}},{"type":"Feature","geometry":{"type":"Polygon","coordinates":[[[-81.12,32.3634],[-81.12011,32.36317],[-81.12056,32.36334],[-81.12,32.3634]]]},"properties":{"overlapId":"ov-desc-12-jasper-okatie-230-kv-2-construct--gpc-gen-mcintosh-expansion","type":"Freshwater Forested/Shrub Wetland","attribute":"PFO1C","acres":0.29}},{"type":"Feature","geometry":{"type":"Polygon","coordinates":[[[-81.11947,32.36424],[-81.11972,32.3643],[-81.11988,32.36456],[-81.11951,32.36479],[-81.11923,32.36473],[-81.11947,32.36424]]]},"properties":{"overlapId":"ov-desc-12-jasper-okatie-230-kv-2-construct--gpc-gen-mcintosh-expansion","type":"Freshwater Forested/Shrub Wetland","attribute":"PFO1C","acres":0.57}},{"type":"Feature","geometry":{"type":"Polygon","coordinates":[[[-81.09016,32.36144],[-81.08987,32.36095],[-81.09012,32.36091],[-81.09019,32.36061],[-81.09066,32.3611],[-81.09066,32.36143],[-81.09016,32.36144]]]},"properties":{"overlapId":"ov-desc-12-jasper-okatie-230-kv-2-construct--gpc-gen-mcintosh-expansion","type":"Freshwater Forested/Shrub Wetland","attribute":"PFO1C","acres":1.02}},{"type":"Feature","geometry":{"type":"Polygon","coordinates":[[[-81.04161,32.35517],[-81.04239,32.3536],[-81.04322,32.35368],[-81.04354,32.35387],[-81.04372,32.35439],[-81.04336,32.35547],[-81.04231,32.35534],[-81.0418,32.35559],[-81.04161,32.35517]]]},"properties":{"overlapId":"ov-desc-12-jasper-okatie-230-kv-2-construct--gpc-gen-mcintosh-expansion","type":"Freshwater Forested/Shrub Wetland","attribute":"PFO1C","acres":7.5}},{"type":"Feature","geometry":{"type":"Polygon","coordinates":[[[-81.05246,32.35665],[-81.05299,32.35682],[-81.05279,32.35707],[-81.05282,32.35739],[-81.05246,32.35743],[-81.05228,32.35706],[-81.05246,32.35665]]]},"properties":{"overlapId":"ov-desc-12-jasper-okatie-230-kv-2-construct--gpc-gen-mcintosh-expansion","type":"Freshwater Forested/Shrub Wetland","attribute":"PFO1C","acres":0.88}},{"type":"Feature","geometry":{"type":"Polygon","coordinates":[[[-81.1498,32.36354],[-81.15006,32.36343],[-81.15011,32.36369],[-81.1498,32.36374],[-81.1498,32.36354]]]},"properties":{"overlapId":"ov-desc-12-jasper-okatie-230-kv-2-construct--gpc-gen-mcintosh-expansion","type":"Freshwater Forested/Shrub Wetland","attribute":"PFO1C","acres":0.18}},{"type":"Feature","geometry":{"type":"Polygon","coordinates":[[[-81.06423,32.35983],[-81.06465,32.35942],[-81.06492,32.35939],[-81.06582,32.35983],[-81.06565,32.36],[-81.06423,32.35983]]]},"properties":{"overlapId":"ov-desc-12-jasper-okatie-230-kv-2-construct--gpc-gen-mcintosh-expansion","type":"Freshwater Forested/Shrub Wetland","attribute":"PFO1C","acres":1.56}},{"type":"Feature","geometry":{"type":"Polygon","coordinates":[[[-81.12409,32.36791],[-81.12445,32.3673],[-81.12488,32.36701],[-81.12499,32.36722],[-81.12484,32.36789],[-81.12409,32.36791]]]},"properties":{"overlapId":"ov-desc-12-jasper-okatie-230-kv-2-construct--gpc-gen-mcintosh-expansion","type":"Freshwater Forested/Shrub Wetland","attribute":"PFO1C","acres":1.13}},{"type":"Feature","geometry":{"type":"Polygon","coordinates":[[[-81.03632,32.35625],[-81.03688,32.35597],[-81.03807,32.35593],[-81.03828,32.35573],[-81.03828,32.35548],[-81.03628,32.35522],[-81.03655,32.35455],[-81.03724,32.35377],[-81.03842,32.35318],[-81.039,32.35307],[-81.04069,32.35311],[-81.04066,32.35331],[-81.04043,32.35342],[-81.03922,32.3534],[-81.0391,32.35374],[-81.03929,32.35387],[-81.04067,32.35393],[-81.04095,32.35356],[-81.04128,32.35347],[-81.04104,32.35374],[-81.04076,32.35463],[-81.04023,32.35472],[-81.03977,32.35511],[-81.03945,32.35611],[-81.03927,32.35752],[-81.03901,32.35792],[-81.03886,32.35782],[-81.03904,32.35677],[-81.03886,32.3563],[-81.03844,32.35609],[-81.03741,32.3566],[-81.0369,32.35631],[-81.03643,32.35671],[-81.03632,32.35625]]]},"properties":{"overlapId":"ov-desc-12-jasper-okatie-230-kv-2-construct--gpc-gen-mcintosh-expansion","type":"Freshwater Forested/Shrub Wetland","attribute":"PFO1Cd","acres":25.47}},{"type":"Feature","geometry":{"type":"Polygon","coordinates":[[[-81.13339,32.35306],[-81.13358,32.35384],[-81.13345,32.35402],[-81.13331,32.35401],[-81.13304,32.35348],[-81.13302,32.35185],[-81.13348,32.35177],[-81.13339,32.35306]]]},"properties":{"overlapId":"ov-desc-12-jasper-okatie-230-kv-2-construct--gpc-gen-mcintosh-expansion","type":"Freshwater Forested/Shrub Wetland","attribute":"PFO1F","acres":2.23}},{"type":"Feature","geometry":{"type":"Polygon","coordinates":[[[-81.13051,32.35227],[-81.13075,32.35294],[-81.13129,32.3533],[-81.13297,32.3541],[-81.13287,32.3543],[-81.13232,32.35443],[-81.13234,32.35469],[-81.13261,32.35487],[-81.1325,32.35516],[-81.13215,32.35488],[-81.13155,32.35504],[-81.13119,32.35383],[-81.1304,32.35304],[-81.13004,32.35235],[-81.13051,32.35227]]]},"properties":{"overlapId":"ov-desc-12-jasper-okatie-230-kv-2-construct--gpc-gen-mcintosh-expansion","type":"Freshwater Forested/Shrub Wetland","attribute":"PFO1F","acres":6.2}},{"type":"Feature","geometry":{"type":"Polygon","coordinates":[[[-81.12598,32.35753],[-81.12574,32.35777],[-81.12533,32.35779],[-81.12568,32.35743],[-81.12598,32.35753]]]},"properties":{"overlapId":"ov-desc-12-jasper-okatie-230-kv-2-construct--gpc-gen-mcintosh-expansion","type":"Freshwater Forested/Shrub Wetland","attribute":"PFO1F","acres":0.37}},{"type":"Feature","geometry":{"type":"Polygon","coordinates":[[[-81.14622,32.36434],[-81.14578,32.36265],[-81.14533,32.36253],[-81.14489,32.36199],[-81.14483,32.36144],[-81.14452,32.3609],[-81.14343,32.35986],[-81.14275,32.35885],[-81.14247,32.35795],[-81.14259,32.3566],[-81.1423,32.35572],[-81.14171,32.35502],[-81.13962,32.35423],[-81.13948,32.35428],[-81.13946,32.35476],[-81.1397,32.35497],[-81.13982,32.35656],[-81.13966,32.35667],[-81.13942,32.35654],[-81.13905,32.3553],[-81.13918,32.35396],[-81.1371,32.35303],[-81.1362,32.3524],[-81.13571,32.3514],[-81.13629,32.3513],[-81.13632,32.35162],[-81.13704,32.3525],[-81.13834,32.35335],[-81.13906,32.35341],[-81.13953,32.35368],[-81.1412,32.35415],[-81.14175,32.35424],[-81.14361,32.35362],[-81.14385,32.35334],[-81.14433,32.35316],[-81.14456,32.35311],[-81.14475,32.35332],[-81.14429,32.35339],[-81.14344,32.35404],[-81.1428,32.3541],[-81.14215,32.35435],[-81.14186,32.35455],[-81.14186,32.35473],[-81.14208,32.35491],[-81.14251,32.35471],[-81.14303,32.35534],[-81.1437,32.35735],[-81.14347,32.35859],[-81.14372,32.35899],[-81.14462,32.35927],[-81.14534,32.35978],[-81.14544,32.36026],[-81.14514,32.36133],[-81.14617,32.36244],[-81.14683,32.36424],[-81.14622,32.36434]]]},"properties":{"overlapId":"ov-desc-12-jasper-okatie-230-kv-2-construct--gpc-gen-mcintosh-expansion","type":"Freshwater Forested/Shrub Wetland","attribute":"PFO1F","acres":36.84}},{"type":"Feature","geometry":{"type":"Polygon","coordinates":[[[-81.12885,32.35259],[-81.12964,32.35378],[-81.13014,32.35419],[-81.13035,32.35456],[-81.13032,32.35492],[-81.13001,32.35493],[-81.1296,32.35454],[-81.1283,32.35275],[-81.12829,32.35265],[-81.12885,32.35259]]]},"properties":{"overlapId":"ov-desc-12-jasper-okatie-230-kv-2-construct--gpc-gen-mcintosh-expansion","type":"Freshwater Forested/Shrub Wetland","attribute":"PFO2F","acres":3.85}},{"type":"Feature","geometry":{"type":"Polygon","coordinates":[[[-81.11057,32.35785],[-81.11025,32.35827],[-81.10969,32.35804],[-81.10866,32.35889],[-81.10758,32.35918],[-81.10726,32.35897],[-81.10893,32.35776],[-81.10961,32.35776],[-81.11049,32.35729],[-81.11144,32.35725],[-81.11057,32.35785]]]},"properties":{"overlapId":"ov-desc-12-jasper-okatie-230-kv-2-construct--gpc-gen-mcintosh-expansion","type":"Freshwater Forested/Shrub Wetland","attribute":"PFO4/1C","acres":5.89}},{"type":"Feature","geometry":{"type":"Polygon","coordinates":[[[-81.05279,32.35891],[-81.05356,32.35888],[-81.05372,32.35871],[-81.05376,32.35911],[-81.05442,32.35935],[-81.0527,32.35924],[-81.05279,32.35891]]]},"properties":{"overlapId":"ov-desc-12-jasper-okatie-230-kv-2-construct--gpc-gen-mcintosh-expansion","type":"Freshwater Forested/Shrub Wetland","attribute":"PFO4/1C","acres":1.24}},{"type":"Feature","geometry":{"type":"Polygon","coordinates":[[[-81.07176,32.35789],[-81.07175,32.35759],[-81.07219,32.3576],[-81.07215,32.35737],[-81.07245,32.35702],[-81.07223,32.35662],[-81.07123,32.35672],[-81.07105,32.35653],[-81.07129,32.35633],[-81.07148,32.35649],[-81.07244,32.35638],[-81.07262,32.35669],[-81.07256,32.35763],[-81.07215,32.35834],[-81.07156,32.35817],[-81.0714,32.35874],[-81.07087,32.3587],[-81.07101,32.35816],[-81.07176,32.35789]]]},"properties":{"overlapId":"ov-desc-12-jasper-okatie-230-kv-2-construct--gpc-gen-mcintosh-expansion","type":"Freshwater Forested/Shrub Wetland","attribute":"PFO4/EM1A","acres":3.8}},{"type":"Feature","geometry":{"type":"Polygon","coordinates":[[[-81.08206,32.35971],[-81.0826,32.3597],[-81.08401,32.36006],[-81.08397,32.36061],[-81.08375,32.36077],[-81.08341,32.36074],[-81.08279,32.35985],[-81.08242,32.35983],[-81.08198,32.36003],[-81.08131,32.36058],[-81.08113,32.36045],[-81.08206,32.35971]]]},"properties":{"overlapId":"ov-desc-12-jasper-okatie-230-kv-2-construct--gpc-gen-mcintosh-expansion","type":"Freshwater Forested/Shrub Wetland","attribute":"PFO4C","acres":3.0}},{"type":"Feature","geometry":{"type":"Polygon","coordinates":[[[-81.15621,32.35463],[-81.1559,32.35469],[-81.15579,32.35449],[-81.15616,32.35412],[-81.15662,32.35482],[-81.15625,32.35497],[-81.15621,32.35463]]]},"properties":{"overlapId":"ov-desc-12-jasper-okatie-230-kv-2-construct--gpc-gen-mcintosh-expansion","type":"Freshwater Forested/Shrub Wetland","attribute":"PFO5H","acres":0.82}},{"type":"Feature","geometry":{"type":"Polygon","coordinates":[[[-81.16256,32.35912],[-81.16295,32.35867],[-81.16316,32.35871],[-81.16313,32.35899],[-81.16292,32.35911],[-81.16256,32.35912]]]},"properties":{"overlapId":"ov-desc-12-jasper-okatie-230-kv-2-construct--gpc-gen-mcintosh-expansion","type":"Freshwater Forested/Shrub Wetland","attribute":"PFO5H","acres":0.42}},{"type":"Feature","geometry":{"type":"Polygon","coordinates":[[[-81.16178,32.35813],[-81.16191,32.35825],[-81.1621,32.35816],[-81.16215,32.35852],[-81.16152,32.35912],[-81.16157,32.3584],[-81.16178,32.35813]]]},"properties":{"overlapId":"ov-desc-12-jasper-okatie-230-kv-2-construct--gpc-gen-mcintosh-expansion","type":"Freshwater Forested/Shrub Wetland","attribute":"PFO5H","acres":0.73}},{"type":"Feature","geometry":{"type":"Polygon","coordinates":[[[-81.15648,32.35981],[-81.15648,32.35935],[-81.15685,32.35953],[-81.15711,32.35929],[-81.15753,32.35941],[-81.15783,32.35921],[-81.15678,32.35907],[-81.15604,32.35864],[-81.15551,32.35852],[-81.15497,32.35801],[-81.15481,32.35765],[-81.15459,32.35765],[-81.15478,32.35758],[-81.15492,32.35714],[-81.15559,32.35622],[-81.15596,32.35621],[-81.15586,32.35593],[-81.15539,32.35582],[-81.15526,32.35542],[-81.15542,32.35521],[-81.1562,32.35524],[-81.15612,32.35541],[-81.15548,32.35537],[-81.1555,32.35552],[-81.15635,32.35562],[-81.15724,32.35518],[-81.15706,32.35554],[-81.15738,32.35533],[-81.15771,32.35534],[-81.15763,32.35481],[-81.15775,32.35507],[-81.15799,32.35494],[-81.1577,32.35559],[-81.15712,32.35583],[-81.15608,32.35593],[-81.15597,32.35639],[-81.15581,32.35644],[-81.15602,32.35659],[-81.15624,32.35638],[-81.15625,32.3561],[-81.15656,32.35621],[-81.15674,32.35691],[-81.15711,32.35722],[-81.15733,32.35782],[-81.15694,32.35789],[-81.15686,32.35769],[-81.15668,32.3577],[-81.15653,32.35782],[-81.15671,32.35813],[-81.15546,32.35786],[-81.15582,32.35816],[-81.15667,32.35826],[-81.15763,32.35765],[-81.15783,32.35812],[-81.15741,32.35825],[-81.15743,32.35835],[-81.15823,32.35796],[-81.15825,32.35839],[-81.15773,32.35869],[-81.15678,32.35861],[-81.1568,32.3587],[-81.15731,32.35883],[-81.15793,32.35874],[-81.15851,32.35836],[-81.15883,32.35848],[-81.15904,32.35826],[-81.15899,32.35805],[-81.15749,32.3574],[-81.15712,32.35703],[-81.15685,32.35623],[-81.15717,32.3563],[-81.15732,32.35606],[-81.15745,32.35652],[-81.15826,32.35678],[-81.15766,32.35617],[-81.15802,32.3558],[-81.15793,32.35564],[-81.1581,32.35537],[-81.15836,32.35553],[-81.1582,32.35499],[-81.15836,32.35467],[-81.15851,32.35518],[-81.15872,32.35526],[-81.15867,32.35645],[-81.15881,32.35661],[-81.15937,32.35597],[-81.15972,32.35697],[-81.15968,32.35767],[-81.15928,32.35775],[-81.15932,32.35751],[-81.15948,32.35747],[-81.15945,32.35704],[-81.1593,32.35669],[-81.15886,32.35665],[-81.15923,32.35839],[-81.15801,32.35916],[-81.1576,32.3598],[-81.15648,32.35981]]]},"properties":{"overlapId":"ov-desc-12-jasper-okatie-230-kv-2-construct--gpc-gen-mcintosh-expansion","type":"Freshwater Forested/Shrub Wetland","attribute":"PFO5H","acres":29.01}},{"type":"Feature","geometry":{"type":"Polygon","coordinates":[[[-81.15693,32.36008],[-81.15739,32.36016],[-81.15804,32.35998],[-81.15797,32.35948],[-81.15844,32.35959],[-81.1588,32.35881],[-81.15906,32.35876],[-81.15889,32.36032],[-81.15799,32.36068],[-81.15791,32.36093],[-81.15693,32.36008]]]},"properties":{"overlapId":"ov-desc-12-jasper-okatie-230-kv-2-construct--gpc-gen-mcintosh-expansion","type":"Freshwater Forested/Shrub Wetland","attribute":"PFO5H","acres":4.4}},{"type":"Feature","geometry":{"type":"Polygon","coordinates":[[[-81.09237,32.35726],[-81.09258,32.35738],[-81.09234,32.35783],[-81.09183,32.35744],[-81.09127,32.35742],[-81.09064,32.35762],[-81.09045,32.35747],[-81.09056,32.35727],[-81.09237,32.35726]]]},"properties":{"overlapId":"ov-desc-12-jasper-okatie-230-kv-2-construct--gpc-gen-mcintosh-expansion","type":"Freshwater Forested/Shrub Wetland","attribute":"PSS1/4Ad","acres":1.46}},{"type":"Feature","geometry":{"type":"Polygon","coordinates":[[[-81.12963,32.35251],[-81.13034,32.35379],[-81.13073,32.35401],[-81.13063,32.35422],[-81.13012,32.35417],[-81.12964,32.35378],[-81.1292,32.35306],[-81.12901,32.35253],[-81.12963,32.35251]]]},"properties":{"overlapId":"ov-desc-12-jasper-okatie-230-kv-2-construct--gpc-gen-mcintosh-expansion","type":"Freshwater Forested/Shrub Wetland","attribute":"PSS1A","acres":3.1}},{"type":"Feature","geometry":{"type":"Polygon","coordinates":[[[-81.10479,32.3611],[-81.10479,32.36153],[-81.10441,32.36146],[-81.10441,32.36117],[-81.10479,32.3611]]]},"properties":{"overlapId":"ov-desc-12-jasper-okatie-230-kv-2-construct--gpc-gen-mcintosh-expansion","type":"Freshwater Forested/Shrub Wetland","attribute":"PSS1A","acres":0.44}},{"type":"Feature","geometry":{"type":"Polygon","coordinates":[[[-81.05308,32.35839],[-81.05304,32.35861],[-81.05265,32.35863],[-81.05277,32.35824],[-81.05308,32.35839]]]},"properties":{"overlapId":"ov-desc-12-jasper-okatie-230-kv-2-construct--gpc-gen-mcintosh-expansion","type":"Freshwater Forested/Shrub Wetland","attribute":"PSS1A","acres":0.34}},{"type":"Feature","geometry":{"type":"Polygon","coordinates":[[[-81.14974,32.35102],[-81.1493,32.35059],[-81.14875,32.35065],[-81.14873,32.35034],[-81.14892,32.35016],[-81.14965,32.35007],[-81.15051,32.35025],[-81.15096,32.35105],[-81.15091,32.35119],[-81.15045,32.35102],[-81.14974,32.35102]]]},"properties":{"overlapId":"ov-desc-12-jasper-okatie-230-kv-2-construct--gpc-gen-mcintosh-expansion","type":"Freshwater Forested/Shrub Wetland","attribute":"PSS1C","acres":3.82}},{"type":"Feature","geometry":{"type":"Polygon","coordinates":[[[-81.15165,32.35133],[-81.15134,32.35133],[-81.15178,32.35064],[-81.15224,32.3508],[-81.15346,32.35085],[-81.15365,32.35098],[-81.15361,32.35171],[-81.15204,32.35165],[-81.15165,32.35133]]]},"properties":{"overlapId":"ov-desc-12-jasper-okatie-230-kv-2-construct--gpc-gen-mcintosh-expansion","type":"Freshwater Forested/Shrub Wetland","attribute":"PSS1C","acres":4.5}},{"type":"Feature","geometry":{"type":"Polygon","coordinates":[[[-81.14672,32.35167],[-81.14834,32.35058],[-81.14888,32.35077],[-81.14928,32.35067],[-81.14971,32.3511],[-81.15043,32.35109],[-81.15089,32.35126],[-81.15045,32.3525],[-81.15017,32.35263],[-81.14761,32.35232],[-81.14702,32.35248],[-81.14681,32.35223],[-81.14672,32.35167]]]},"properties":{"overlapId":"ov-desc-12-jasper-okatie-230-kv-2-construct--gpc-gen-mcintosh-expansion","type":"Freshwater Forested/Shrub Wetland","attribute":"PSS1C","acres":14.67}},{"type":"Feature","geometry":{"type":"Polygon","coordinates":[[[-81.1466,32.35264],[-81.14631,32.352],[-81.14664,32.35169],[-81.14673,32.35226],[-81.14699,32.35255],[-81.14762,32.35239],[-81.14968,32.35268],[-81.15047,32.35258],[-81.15052,32.35319],[-81.15022,32.3537],[-81.14968,32.35393],[-81.14961,32.35382],[-81.14802,32.35391],[-81.14745,32.3536],[-81.1466,32.35264]]]},"properties":{"overlapId":"ov-desc-12-jasper-okatie-230-kv-2-construct--gpc-gen-mcintosh-expansion","type":"Freshwater Forested/Shrub Wetland","attribute":"PSS1C","acres":11.65}},{"type":"Feature","geometry":{"type":"Polygon","coordinates":[[[-81.15122,32.35425],[-81.15064,32.35422],[-81.15055,32.354],[-81.15078,32.35339],[-81.15092,32.35208],[-81.15131,32.3514],[-81.15161,32.35139],[-81.15218,32.35175],[-81.15361,32.35178],[-81.15322,32.35413],[-81.15235,32.35462],[-81.15122,32.35425]]]},"properties":{"overlapId":"ov-desc-12-jasper-okatie-230-kv-2-construct--gpc-gen-mcintosh-expansion","type":"Freshwater Forested/Shrub Wetland","attribute":"PSS1C","acres":18.21}},{"type":"Feature","geometry":{"type":"Polygon","coordinates":[[[-81.13304,32.35348],[-81.13332,32.35403],[-81.13304,32.35412],[-81.13075,32.35294],[-81.13051,32.35227],[-81.13302,32.35185],[-81.13304,32.35348]]]},"properties":{"overlapId":"ov-desc-12-jasper-okatie-230-kv-2-construct--gpc-gen-mcintosh-expansion","type":"Freshwater Forested/Shrub Wetland","attribute":"PSS1C","acres":9.51}},{"type":"Feature","geometry":{"type":"Polygon","coordinates":[[[-81.12813,32.35267],[-81.12833,32.35298],[-81.12844,32.35427],[-81.12883,32.35437],[-81.12923,32.35407],[-81.13033,32.35524],[-81.13058,32.35516],[-81.13084,32.35452],[-81.13142,32.35538],[-81.13134,32.35597],[-81.13028,32.35653],[-81.13014,32.35778],[-81.1299,32.35773],[-81.12941,32.35693],[-81.12921,32.3569],[-81.12838,32.35562],[-81.1276,32.35276],[-81.12813,32.35267]]]},"properties":{"overlapId":"ov-desc-12-jasper-okatie-230-kv-2-construct--gpc-gen-mcintosh-expansion","type":"Freshwater Forested/Shrub Wetland","attribute":"PSS1C","acres":18.27}},{"type":"Feature","geometry":{"type":"Polygon","coordinates":[[[-81.15532,32.35883],[-81.15553,32.35957],[-81.1564,32.36],[-81.15664,32.36041],[-81.15785,32.36119],[-81.15799,32.36148],[-81.15731,32.36172],[-81.15653,32.36254],[-81.15599,32.36266],[-81.15521,32.3624],[-81.15479,32.36205],[-81.15423,32.36048],[-81.15417,32.35884],[-81.15472,32.35857],[-81.15532,32.35883]]]},"properties":{"overlapId":"ov-desc-12-jasper-okatie-230-kv-2-construct--gpc-gen-mcintosh-expansion","type":"Freshwater Forested/Shrub Wetland","attribute":"PSS1C","acres":22.07}},{"type":"Feature","geometry":{"type":"Polygon","coordinates":[[[-81.13201,32.35999],[-81.13147,32.35953],[-81.13149,32.35847],[-81.13113,32.35824],[-81.1311,32.35781],[-81.13134,32.35718],[-81.13205,32.35679],[-81.13273,32.35774],[-81.13313,32.3596],[-81.13249,32.36025],[-81.13219,32.35992],[-81.13201,32.35999]]]},"properties":{"overlapId":"ov-desc-12-jasper-okatie-230-kv-2-construct--gpc-gen-mcintosh-expansion","type":"Freshwater Forested/Shrub Wetland","attribute":"PSS1C","acres":11.26}},{"type":"Feature","geometry":{"type":"Polygon","coordinates":[[[-81.14068,32.35899],[-81.14147,32.35976],[-81.14245,32.36174],[-81.14183,32.36182],[-81.14133,32.36231],[-81.14051,32.36223],[-81.13952,32.36153],[-81.13858,32.36117],[-81.13798,32.36065],[-81.1379,32.36025],[-81.13815,32.35994],[-81.14018,32.35906],[-81.14068,32.35899]]]},"properties":{"overlapId":"ov-desc-12-jasper-okatie-230-kv-2-construct--gpc-gen-mcintosh-expansion","type":"Freshwater Forested/Shrub Wetland","attribute":"PSS1C","acres":23.48}},{"type":"Feature","geometry":{"type":"Polygon","coordinates":[[[-81.14391,32.36226],[-81.14321,32.36155],[-81.14275,32.3602],[-81.1402,32.358],[-81.1397,32.3558],[-81.1398,32.35465],[-81.14043,32.35451],[-81.14124,32.35478],[-81.14171,32.35502],[-81.1423,32.35572],[-81.14259,32.3566],[-81.14253,32.35711],[-81.1418,32.35702],[-81.1417,32.35793],[-81.1422,32.35791],[-81.14228,32.35833],[-81.14266,32.35854],[-81.14343,32.35986],[-81.14469,32.3612],[-81.1446,32.36161],[-81.14529,32.364],[-81.14515,32.36421],[-81.1446,32.36421],[-81.14441,32.36399],[-81.1443,32.36322],[-81.14391,32.36226]]]},"properties":{"overlapId":"ov-desc-12-jasper-okatie-230-kv-2-construct--gpc-gen-mcintosh-expansion","type":"Freshwater Forested/Shrub Wetland","attribute":"PSS1C","acres":39.18}},{"type":"Feature","geometry":{"type":"Polygon","coordinates":[[[-81.07816,32.35596],[-81.07813,32.35553],[-81.07849,32.3557],[-81.07907,32.35568],[-81.07875,32.35612],[-81.07816,32.35596]]]},"properties":{"overlapId":"ov-desc-12-jasper-okatie-230-kv-2-construct--gpc-gen-mcintosh-expansion","type":"Freshwater Forested/Shrub Wetland","attribute":"PSS1C","acres":0.88}},{"type":"Feature","geometry":{"type":"Polygon","coordinates":[[[-81.13254,32.36624],[-81.13258,32.36603],[-81.13278,32.36605],[-81.13314,32.36655],[-81.13278,32.36661],[-81.13254,32.36624]]]},"properties":{"overlapId":"ov-desc-12-jasper-okatie-230-kv-2-construct--gpc-gen-mcintosh-expansion","type":"Freshwater Forested/Shrub Wetland","attribute":"PSS1C","acres":0.56}},{"type":"Feature","geometry":{"type":"Polygon","coordinates":[[[-81.15238,32.35808],[-81.15158,32.35777],[-81.15163,32.35753],[-81.15213,32.35751],[-81.15218,32.35681],[-81.15267,32.35658],[-81.15277,32.35638],[-81.15341,32.35633],[-81.15391,32.35597],[-81.15418,32.35597],[-81.15464,32.35656],[-81.15442,32.35776],[-81.1541,32.35799],[-81.15386,32.35855],[-81.15358,32.35855],[-81.1534,32.35812],[-81.15238,32.35808]]]},"properties":{"overlapId":"ov-desc-12-jasper-okatie-230-kv-2-construct--gpc-gen-mcintosh-expansion","type":"Freshwater Forested/Shrub Wetland","attribute":"PSS1F","acres":11.78}},{"type":"Feature","geometry":{"type":"Polygon","coordinates":[[[-81.13344,32.36464],[-81.13327,32.36395],[-81.13289,32.36343],[-81.13291,32.36322],[-81.13252,32.36291],[-81.13232,32.36245],[-81.13198,32.36243],[-81.13198,32.36216],[-81.13228,32.36209],[-81.13237,32.36174],[-81.13218,32.36155],[-81.13189,32.3605],[-81.13101,32.35935],[-81.13104,32.35862],[-81.13038,32.35791],[-81.13049,32.35778],[-81.13065,32.35805],[-81.13103,32.35812],[-81.13064,32.35741],[-81.1311,32.35654],[-81.13123,32.35658],[-81.13134,32.35718],[-81.1311,32.35761],[-81.13113,32.35824],[-81.13149,32.35847],[-81.13147,32.35953],[-81.13181,32.35989],[-81.13219,32.35992],[-81.13243,32.36013],[-81.13257,32.3609],[-81.1329,32.36131],[-81.13292,32.36219],[-81.13344,32.36289],[-81.13354,32.36365],[-81.13398,32.36443],[-81.13344,32.36464]]]},"properties":{"overlapId":"ov-desc-12-jasper-okatie-230-kv-2-construct--gpc-gen-mcintosh-expansion","type":"Freshwater Forested/Shrub Wetland","attribute":"PSS1F","acres":11.61}},{"type":"Feature","geometry":{"type":"Polygon","coordinates":[[[-81.13203,32.36673],[-81.13149,32.36505],[-81.13117,32.36487],[-81.13066,32.36538],[-81.13097,32.36586],[-81.13095,32.36623],[-81.13051,32.36656],[-81.13043,32.3668],[-81.13019,32.36704],[-81.12932,32.36719],[-81.12903,32.36711],[-81.12894,32.36672],[-81.12911,32.36657],[-81.12929,32.36556],[-81.12901,32.36536],[-81.12912,32.36057],[-81.12963,32.35993],[-81.12942,32.35987],[-81.12942,32.35969],[-81.1297,32.35936],[-81.12913,32.35923],[-81.12947,32.35897],[-81.12944,32.35878],[-81.12903,32.35892],[-81.12931,32.35868],[-81.12904,32.35837],[-81.12928,32.35786],[-81.12917,32.35776],[-81.12888,32.35798],[-81.12878,32.35635],[-81.12935,32.35709],[-81.12954,32.3575],[-81.12945,32.35764],[-81.1298,32.35808],[-81.12971,32.35855],[-81.13037,32.35931],[-81.13072,32.35944],[-81.13104,32.3602],[-81.13103,32.36079],[-81.13134,32.36114],[-81.13137,32.3628],[-81.1309,32.3628],[-81.13061,32.36331],[-81.1303,32.36339],[-81.12991,32.36405],[-81.13014,32.36465],[-81.1311,32.36455],[-81.13121,32.36433],[-81.13164,32.36453],[-81.13235,32.36668],[-81.13203,32.36673]]]},"properties":{"overlapId":"ov-desc-12-jasper-okatie-230-kv-2-construct--gpc-gen-mcintosh-expansion","type":"Freshwater Forested/Shrub Wetland","attribute":"PSS1F","acres":40.17}},{"type":"Feature","geometry":{"type":"Polygon","coordinates":[[[-81.14082,32.36483],[-81.14089,32.36408],[-81.1406,32.36338],[-81.14023,32.36295],[-81.13922,32.36231],[-81.13887,32.36251],[-81.13921,32.36398],[-81.13871,32.36423],[-81.13838,32.36275],[-81.13811,32.36237],[-81.13809,32.36137],[-81.13847,32.36173],[-81.1388,32.36152],[-81.1393,32.36154],[-81.14048,32.36246],[-81.14061,32.36274],[-81.14127,32.36287],[-81.14117,32.3634],[-81.14153,32.36513],[-81.1405,32.36531],[-81.14082,32.36483]]]},"properties":{"overlapId":"ov-desc-12-jasper-okatie-230-kv-2-construct--gpc-gen-mcintosh-expansion","type":"Freshwater Forested/Shrub Wetland","attribute":"PSS1F","acres":11.12}},{"type":"Feature","geometry":{"type":"Polygon","coordinates":[[[-81.1554,32.35045],[-81.15573,32.35044],[-81.15574,32.3508],[-81.15562,32.35077],[-81.15565,32.35063],[-81.1554,32.35045]]]},"properties":{"overlapId":"ov-desc-12-jasper-okatie-230-kv-2-construct--gpc-gen-mcintosh-expansion","type":"Freshwater Pond","attribute":"PUBH","acres":0.21}},{"type":"Feature","geometry":{"type":"Polygon","coordinates":[[[-81.15582,32.35101],[-81.15594,32.35125],[-81.1558,32.35175],[-81.15544,32.35136],[-81.15541,32.35094],[-81.15582,32.35101]]]},"properties":{"overlapId":"ov-desc-12-jasper-okatie-230-kv-2-construct--gpc-gen-mcintosh-expansion","type":"Freshwater Pond","attribute":"PUBH","acres":0.67}},{"type":"Feature","geometry":{"type":"Polygon","coordinates":[[[-81.14505,32.35429],[-81.14506,32.35442],[-81.14453,32.35405],[-81.14505,32.35429]]]},"properties":{"overlapId":"ov-desc-12-jasper-okatie-230-kv-2-construct--gpc-gen-mcintosh-expansion","type":"Freshwater Pond","attribute":"PUBHh","acres":0.13}},{"type":"Feature","geometry":{"type":"Polygon","coordinates":[[[-81.12606,32.36209],[-81.12592,32.36207],[-81.12598,32.36156],[-81.12606,32.36209]]]},"properties":{"overlapId":"ov-desc-12-jasper-okatie-230-kv-2-construct--gpc-gen-mcintosh-expansion","type":"Freshwater Pond","attribute":"PUBHh","acres":0.11}},{"type":"Feature","geometry":{"type":"Polygon","coordinates":[[[-81.04371,32.35329],[-81.04359,32.35338],[-81.04354,32.35328],[-81.04371,32.35329]]]},"properties":{"overlapId":"ov-desc-12-jasper-okatie-230-kv-2-construct--gpc-gen-mcintosh-expansion","type":"Freshwater Pond","attribute":"PUBHh","acres":0.03}},{"type":"Feature","geometry":{"type":"Polygon","coordinates":[[[-81.15327,32.35417],[-81.15323,32.35426],[-81.15255,32.35458],[-81.15271,32.35435],[-81.15327,32.35417]]]},"properties":{"overlapId":"ov-desc-12-jasper-okatie-230-kv-2-construct--gpc-gen-mcintosh-expansion","type":"Freshwater Pond","attribute":"PUBHx","acres":0.24}},{"type":"Feature","geometry":{"type":"Polygon","coordinates":[[[-81.15459,32.35844],[-81.15465,32.35859],[-81.15427,32.3587],[-81.1543,32.35859],[-81.15459,32.35844]]]},"properties":{"overlapId":"ov-desc-12-jasper-okatie-230-kv-2-construct--gpc-gen-mcintosh-expansion","type":"Freshwater Pond","attribute":"PUBHx","acres":0.15}},{"type":"Feature","geometry":{"type":"Polygon","coordinates":[[[-81.12324,32.3535],[-81.12486,32.35593],[-81.12246,32.35595],[-81.12245,32.35363],[-81.12324,32.3535]]]},"properties":{"overlapId":"ov-desc-12-jasper-okatie-230-kv-2-construct--gpc-gen-mcintosh-expansion","type":"Freshwater Pond","attribute":"PUBHx","acres":10.25}},{"type":"Feature","geometry":{"type":"Polygon","coordinates":[[[-81.12061,32.3561],[-81.1208,32.35612],[-81.1208,32.35639],[-81.12058,32.35636],[-81.12061,32.3561]]]},"properties":{"overlapId":"ov-desc-12-jasper-okatie-230-kv-2-construct--gpc-gen-mcintosh-expansion","type":"Freshwater Pond","attribute":"PUBHx","acres":0.14}},{"type":"Feature","geometry":{"type":"Polygon","coordinates":[[[-81.12192,32.35519],[-81.12184,32.35657],[-81.12148,32.3566],[-81.12152,32.35554],[-81.12192,32.35519]]]},"properties":{"overlapId":"ov-desc-12-jasper-okatie-230-kv-2-construct--gpc-gen-mcintosh-expansion","type":"Freshwater Pond","attribute":"PUBHx","acres":1.24}},{"type":"Feature","geometry":{"type":"Polygon","coordinates":[[[-81.12246,32.35613],[-81.12504,32.35612],[-81.12523,32.35698],[-81.12309,32.35674],[-81.12248,32.35689],[-81.12246,32.35613]]]},"properties":{"overlapId":"ov-desc-12-jasper-okatie-230-kv-2-construct--gpc-gen-mcintosh-expansion","type":"Freshwater Pond","attribute":"PUBHx","acres":5.33}},{"type":"Feature","geometry":{"type":"Polygon","coordinates":[[[-81.12171,32.35696],[-81.12173,32.35707],[-81.11976,32.35698],[-81.1198,32.3569],[-81.12171,32.35696]]]},"properties":{"overlapId":"ov-desc-12-jasper-okatie-230-kv-2-construct--gpc-gen-mcintosh-expansion","type":"Freshwater Pond","attribute":"PUBHx","acres":0.48}},{"type":"Feature","geometry":{"type":"Polygon","coordinates":[[[-81.12318,32.35767],[-81.12323,32.358],[-81.12294,32.35801],[-81.12276,32.35766],[-81.12318,32.35767]]]},"properties":{"overlapId":"ov-desc-12-jasper-okatie-230-kv-2-construct--gpc-gen-mcintosh-expansion","type":"Freshwater Pond","attribute":"PUBHx","acres":0.38}},{"type":"Feature","geometry":{"type":"Polygon","coordinates":[[[-81.12187,32.35818],[-81.12187,32.35834],[-81.1214,32.35833],[-81.12139,32.35816],[-81.12187,32.35818]]]},"properties":{"overlapId":"ov-desc-12-jasper-okatie-230-kv-2-construct--gpc-gen-mcintosh-expansion","type":"Freshwater Pond","attribute":"PUBHx","acres":0.2}},{"type":"Feature","geometry":{"type":"Polygon","coordinates":[[[-81.12185,32.35843],[-81.12184,32.35858],[-81.12139,32.35858],[-81.12141,32.35841],[-81.12185,32.35843]]]},"properties":{"overlapId":"ov-desc-12-jasper-okatie-230-kv-2-construct--gpc-gen-mcintosh-expansion","type":"Freshwater Pond","attribute":"PUBHx","acres":0.18}},{"type":"Feature","geometry":{"type":"Polygon","coordinates":[[[-81.12633,32.35988],[-81.12648,32.35996],[-81.12589,32.36057],[-81.12587,32.36037],[-81.12633,32.35988]]]},"properties":{"overlapId":"ov-desc-12-jasper-okatie-230-kv-2-construct--gpc-gen-mcintosh-expansion","type":"Freshwater Pond","attribute":"PUBHx","acres":0.41}},{"type":"Feature","geometry":{"type":"Polygon","coordinates":[[[-81.12381,32.36757],[-81.12375,32.36783],[-81.12346,32.36789],[-81.12381,32.36757]]]},"properties":{"overlapId":"ov-desc-12-jasper-okatie-230-kv-2-construct--gpc-gen-mcintosh-expansion","type":"Freshwater Pond","attribute":"PUBHx","acres":0.1}},{"type":"Feature","geometry":{"type":"Polygon","coordinates":[[[-81.11241,32.36273],[-81.11225,32.36272],[-81.1204,32.35423],[-81.12064,32.35414],[-81.11241,32.36273]]]},"properties":{"overlapId":"ov-desc-12-jasper-okatie-230-kv-2-construct--gpc-gen-mcintosh-expansion","type":"Freshwater Pond","attribute":"PUBHx","acres":3.46}},{"type":"Feature","geometry":{"type":"Polygon","coordinates":[[[-81.11336,32.36169],[-81.11461,32.36168],[-81.11531,32.36124],[-81.11649,32.36099],[-81.12116,32.36087],[-81.1165,32.36106],[-81.11535,32.36131],[-81.11463,32.36175],[-81.11336,32.36169]]]},"properties":{"overlapId":"ov-desc-12-jasper-okatie-230-kv-2-construct--gpc-gen-mcintosh-expansion","type":"Riverine","attribute":"R2UBH","acres":1.08}},{"type":"Feature","geometry":{"type":"Polygon","coordinates":[[[-81.11319,32.36175],[-81.1093,32.36229],[-81.10914,32.3623],[-81.10916,32.36223],[-81.11319,32.36175]]]},"properties":{"overlapId":"ov-desc-12-jasper-okatie-230-kv-2-construct--gpc-gen-mcintosh-expansion","type":"Riverine","attribute":"R2UBH","acres":0.41}},{"type":"Feature","geometry":{"type":"Polygon","coordinates":[[[-81.04341,32.35543],[-81.04372,32.3554],[-81.0441,32.35564],[-81.04406,32.35577],[-81.04341,32.35543]]]},"properties":{"overlapId":"ov-desc-12-jasper-okatie-230-kv-2-construct--gpc-gen-mcintosh-expansion","type":"Riverine","attribute":"R2UBH","acres":0.28}},{"type":"Feature","geometry":{"type":"Polygon","coordinates":[[[-81.11423,32.36131],[-81.11372,32.3617],[-81.12118,32.35395],[-81.11423,32.36131]]]},"properties":{"overlapId":"ov-desc-12-jasper-okatie-230-kv-2-construct--gpc-gen-mcintosh-expansion","type":"Riverine","attribute":"R2UBHx","acres":2.42}},{"type":"Feature","geometry":{"type":"Polygon","coordinates":[[[-81.12011,32.35435],[-81.11302,32.36173],[-81.1129,32.36174],[-81.12011,32.35435]]]},"properties":{"overlapId":"ov-desc-12-jasper-okatie-230-kv-2-construct--gpc-gen-mcintosh-expansion","type":"Riverine","attribute":"R2UBHx","acres":2.2}},{"type":"Feature","geometry":{"type":"Polygon","coordinates":[[[-81.04495,32.35411],[-81.04488,32.35412],[-81.04528,32.35338],[-81.04495,32.35411]]]},"properties":{"overlapId":"ov-desc-12-jasper-okatie-230-kv-2-construct--gpc-gen-mcintosh-expansion","type":"Riverine","attribute":"R2UBHx","acres":0.13}},{"type":"Feature","geometry":{"type":"Polygon","coordinates":[[[-81.11194,32.3627],[-81.11281,32.36182],[-81.11294,32.36181],[-81.11194,32.3627]]]},"properties":{"overlapId":"ov-desc-12-jasper-okatie-230-kv-2-construct--gpc-gen-mcintosh-expansion","type":"Riverine","attribute":"R2UBHx","acres":0.31}},{"type":"Feature","geometry":{"type":"Polygon","coordinates":[[[-81.11365,32.36177],[-81.11376,32.36177],[-81.11272,32.36275],[-81.11365,32.36177]]]},"properties":{"overlapId":"ov-desc-12-jasper-okatie-230-kv-2-construct--gpc-gen-mcintosh-expansion","type":"Riverine","attribute":"R2UBHx","acres":0.28}},{"type":"Feature","geometry":{"type":"Polygon","coordinates":[[[-81.12421,32.35359],[-81.12395,32.35338],[-81.12398,32.35337],[-81.12421,32.35359]]]},"properties":{"overlapId":"ov-desc-12-jasper-okatie-230-kv-2-construct--gpc-gen-mcintosh-expansion","type":"Riverine","attribute":"R4SBC","acres":0.01}},{"type":"Feature","geometry":{"type":"Polygon","coordinates":[[[-81.15484,32.3498],[-81.15505,32.34891],[-81.15525,32.34871],[-81.1556,32.34875],[-81.15577,32.3494],[-81.15545,32.34958],[-81.15535,32.34982],[-81.15529,32.34965],[-81.15514,32.3498],[-81.15484,32.3498]]]},"properties":{"overlapId":"ov-desc-12-jasper-okatie-230-kv-2-construct--gpc-gen-mcintosh-expansion","type":"Freshwater Forested/Shrub Wetland","attribute":"PFO1A","acres":1.77}},{"type":"Feature","geometry":{"type":"Polygon","coordinates":[[[-81.14682,32.3517],[-81.14635,32.3508],[-81.14725,32.35049],[-81.14756,32.35058],[-81.14789,32.35036],[-81.14834,32.35058],[-81.14682,32.3517]]]},"properties":{"overlapId":"ov-desc-12-jasper-okatie-230-kv-2-construct--gpc-gen-mcintosh-expansion","type":"Freshwater Forested/Shrub Wetland","attribute":"PFO1A","acres":2.94}},{"type":"Feature","geometry":{"type":"Polygon","coordinates":[[[-81.15695,32.34782],[-81.15642,32.34871],[-81.15547,32.34807],[-81.15695,32.34782]]]},"properties":{"overlapId":"ov-desc-12-jasper-okatie-230-kv-2-construct--gpc-gen-mcintosh-expansion","type":"Freshwater Forested/Shrub Wetland","attribute":"PFO1C","acres":1.7}},{"type":"Feature","geometry":{"type":"Polygon","coordinates":[[[-81.14633,32.35081],[-81.14647,32.35104],[-81.14625,32.35085],[-81.14633,32.35081]]]},"properties":{"overlapId":"ov-desc-12-jasper-okatie-230-kv-2-construct--gpc-gen-mcintosh-expansion","type":"Freshwater Forested/Shrub Wetland","attribute":"PFO1C","acres":0.05}},{"type":"Feature","geometry":{"type":"Polygon","coordinates":[[[-81.16162,32.35558],[-81.16114,32.35489],[-81.16095,32.35419],[-81.16114,32.35293],[-81.16179,32.35182],[-81.16207,32.35203],[-81.16239,32.35194],[-81.16262,32.35241],[-81.1628,32.35247],[-81.16221,32.35267],[-81.16222,32.35374],[-81.16201,32.3544],[-81.16259,32.35569],[-81.16241,32.35572],[-81.162,32.35539],[-81.16193,32.35557],[-81.16224,32.35601],[-81.16162,32.35558]]]},"properties":{"overlapId":"ov-desc-12-jasper-okatie-230-kv-2-construct--gpc-gen-mcintosh-expansion","type":"Freshwater Forested/Shrub Wetland","attribute":"PFO1C","acres":10.12}},{"type":"Feature","geometry":{"type":"Polygon","coordinates":[[[-81.16179,32.36049],[-81.16234,32.35992],[-81.1624,32.35963],[-81.16346,32.35924],[-81.16389,32.35825],[-81.16377,32.35778],[-81.16391,32.35769],[-81.16405,32.35813],[-81.16343,32.35933],[-81.16248,32.35979],[-81.1618,32.3606],[-81.16122,32.36077],[-81.16179,32.36049]]]},"properties":{"overlapId":"ov-desc-12-jasper-okatie-230-kv-2-construct--gpc-gen-mcintosh-expansion","type":"Freshwater Forested/Shrub Wetland","attribute":"PFO1C","acres":0.93}},{"type":"Feature","geometry":{"type":"Polygon","coordinates":[[[-81.16136,32.36077],[-81.16186,32.36065],[-81.16281,32.35964],[-81.16349,32.35938],[-81.16413,32.35815],[-81.16405,32.35768],[-81.16421,32.35791],[-81.16413,32.35845],[-81.16367,32.35951],[-81.16283,32.35983],[-81.16177,32.36081],[-81.16088,32.36125],[-81.16136,32.36077]]]},"properties":{"overlapId":"ov-desc-12-jasper-okatie-230-kv-2-construct--gpc-gen-mcintosh-expansion","type":"Freshwater Forested/Shrub Wetland","attribute":"PFO1C","acres":2.01}},{"type":"Feature","geometry":{"type":"Polygon","coordinates":[[[-81.15292,32.35934],[-81.15263,32.35901],[-81.15223,32.35898],[-81.15159,32.35955],[-81.15137,32.35902],[-81.15052,32.35838],[-81.14948,32.35885],[-81.14805,32.35804],[-81.14774,32.35742],[-81.14773,32.35687],[-81.14804,32.35681],[-81.14837,32.35747],[-81.14861,32.35704],[-81.14815,32.35583],[-81.14697,32.3545],[-81.14554,32.35341],[-81.14477,32.35252],[-81.14439,32.3518],[-81.14619,32.35089],[-81.14647,32.35117],[-81.14664,32.35169],[-81.14642,32.35181],[-81.14632,32.35215],[-81.14745,32.3536],[-81.14802,32.35391],[-81.14961,32.35382],[-81.14963,32.3543],[-81.14856,32.35425],[-81.14849,32.35439],[-81.14892,32.35523],[-81.1498,32.3563],[-81.15,32.35672],[-81.15004,32.3575],[-81.15157,32.35765],[-81.15158,32.35777],[-81.15238,32.35808],[-81.15329,32.35808],[-81.15358,32.35855],[-81.15386,32.35855],[-81.15427,32.35781],[-81.15459,32.35844],[-81.15417,32.35884],[-81.15418,32.36022],[-81.15479,32.36205],[-81.15417,32.36153],[-81.15416,32.36086],[-81.1538,32.35962],[-81.15345,32.35937],[-81.15292,32.35934]]]},"properties":{"overlapId":"ov-desc-12-jasper-okatie-230-kv-2-construct--gpc-gen-mcintosh-expansion","type":"Freshwater Forested/Shrub Wetland","attribute":"PFO1C","acres":48.84}},{"type":"Feature","geometry":{"type":"Polygon","coordinates":[[[-81.16583,32.3602],[-81.16606,32.35941],[-81.16596,32.35902],[-81.16617,32.35858],[-81.1655,32.35812],[-81.16511,32.35808],[-81.16463,32.35769],[-81.16403,32.35765],[-81.16428,32.35718],[-81.16532,32.35753],[-81.1664,32.35826],[-81.16649,32.35918],[-81.16629,32.36013],[-81.16661,32.36091],[-81.16594,32.36102],[-81.16583,32.3602]]]},"properties":{"overlapId":"ov-desc-12-jasper-okatie-230-kv-2-construct--gpc-gen-mcintosh-expansion","type":"Freshwater Forested/Shrub Wetland","attribute":"PFO1C","acres":5.85}},{"type":"Feature","geometry":{"type":"Polygon","coordinates":[[[-81.16375,32.35979],[-81.16466,32.35978],[-81.16496,32.35949],[-81.1651,32.35953],[-81.16531,32.36024],[-81.16498,32.36047],[-81.16476,32.36089],[-81.16431,32.36114],[-81.16409,32.36095],[-81.16433,32.36083],[-81.16434,32.3606],[-81.16394,32.3605],[-81.16404,32.36008],[-81.16388,32.36006],[-81.16375,32.36006],[-81.16361,32.36058],[-81.16224,32.36101],[-81.16375,32.35979]]]},"properties":{"overlapId":"ov-desc-12-jasper-okatie-230-kv-2-construct--gpc-gen-mcintosh-expansion","type":"Freshwater Forested/Shrub Wetland","attribute":"PSS1C","acres":4.76}},{"type":"Feature","geometry":{"type":"Polygon","coordinates":[[[-81.16005,32.3473],[-81.16047,32.3474],[-81.16063,32.34757],[-81.16015,32.34843],[-81.15831,32.34862],[-81.15728,32.34895],[-81.15642,32.34871],[-81.15675,32.34836],[-81.15695,32.34782],[-81.16005,32.3473]]]},"properties":{"overlapId":"ov-desc-12-jasper-okatie-230-kv-2-construct--gpc-gen-mcintosh-expansion","type":"Freshwater Forested/Shrub Wetland","attribute":"PFO1A","acres":10.2}},{"type":"Feature","geometry":{"type":"MultiPolygon","coordinates":[[[[-81.1276,32.35276],[-81.1284,32.35561],[-81.12815,32.35567],[-81.12766,32.35546],[-81.12764,32.35579],[-81.12876,32.3569],[-81.12888,32.35798],[-81.12917,32.35776],[-81.12928,32.35786],[-81.12904,32.35837],[-81.12931,32.35868],[-81.12903,32.35892],[-81.12944,32.35878],[-81.12947,32.35897],[-81.12913,32.35923],[-81.1297,32.35936],[-81.12942,32.35969],[-81.12942,32.35987],[-81.12963,32.35993],[-81.12912,32.36057],[-81.12901,32.36536],[-81.12929,32.36556],[-81.12911,32.36657],[-81.12894,32.36672],[-81.12903,32.36711],[-81.12837,32.36702],[-81.12859,32.3661],[-81.12815,32.3658],[-81.12754,32.36586],[-81.12723,32.36634],[-81.12716,32.36683],[-81.12659,32.36679],[-81.12643,32.36646],[-81.12643,32.36626],[-81.12753,32.36521],[-81.12735,32.36397],[-81.12708,32.36341],[-81.12657,32.36307],[-81.12636,32.36226],[-81.12604,32.36212],[-81.12604,32.36166],[-81.1266,32.36153],[-81.12633,32.36093],[-81.12706,32.36001],[-81.12692,32.35786],[-81.12658,32.35742],[-81.12636,32.35741],[-81.12626,32.3576],[-81.12604,32.35746],[-81.12593,32.35614],[-81.12579,32.35586],[-81.12516,32.35556],[-81.12496,32.35519],[-81.12489,32.35468],[-81.12511,32.35403],[-81.12458,32.35404],[-81.12414,32.35449],[-81.12397,32.35432],[-81.12416,32.35409],[-81.12408,32.35335],[-81.12497,32.3532],[-81.12516,32.35332],[-81.12528,32.35315],[-81.1276,32.35276]],[[-81.12766,32.36071],[-81.12736,32.36072],[-81.12713,32.36094],[-81.12709,32.36168],[-81.12733,32.36186],[-81.12768,32.36178],[-81.12781,32.36135],[-81.12783,32.36087],[-81.12766,32.36071]]],[[[-81.12833,32.35298],[-81.12815,32.35281],[-81.12812,32.35267],[-81.1283,32.35264],[-81.12833,32.35298]]]]},"properties":{"overlapId":"ov-desc-12-jasper-okatie-230-kv-2-construct--gpc-gen-mcintosh-expansion","type":"Freshwater Forested/Shrub Wetland","attribute":"PFO1C","acres":85.64}},{"type":"Feature","geometry":{"type":"MultiPolygon","coordinates":[[[[-81.06183,32.35976],[-81.05943,32.3596],[-81.05915,32.35911],[-81.05918,32.35889],[-81.05966,32.35876],[-81.05968,32.35864],[-81.05929,32.35834],[-81.05909,32.35787],[-81.05888,32.35785],[-81.05875,32.35848],[-81.05855,32.35859],[-81.0577,32.35814],[-81.05641,32.3581],[-81.05586,32.35763],[-81.05522,32.35773],[-81.05515,32.35796],[-81.0545,32.35799],[-81.05389,32.3574],[-81.05378,32.35701],[-81.0546,32.35694],[-81.05472,32.35662],[-81.05504,32.35645],[-81.05526,32.35655],[-81.05529,32.35688],[-81.05542,32.3569],[-81.05589,32.35653],[-81.05601,32.3562],[-81.05565,32.35585],[-81.05539,32.35583],[-81.05513,32.35608],[-81.05486,32.35604],[-81.05457,32.35624],[-81.05456,32.35584],[-81.05429,32.35577],[-81.05468,32.35559],[-81.05439,32.35537],[-81.05337,32.35556],[-81.05301,32.35585],[-81.05304,32.35625],[-81.05241,32.35633],[-81.05199,32.35609],[-81.05128,32.35616],[-81.05065,32.3556],[-81.05015,32.35553],[-81.05007,32.35596],[-81.0506,32.35632],[-81.05042,32.35722],[-81.05108,32.35757],[-81.05146,32.35798],[-81.05108,32.3584],[-81.05111,32.35872],[-81.05071,32.35906],[-81.05017,32.35899],[-81.04961,32.35811],[-81.04965,32.35789],[-81.04986,32.35775],[-81.05013,32.35779],[-81.05022,32.35759],[-81.05004,32.35741],[-81.04908,32.35727],[-81.04825,32.35819],[-81.04781,32.35796],[-81.04703,32.35796],[-81.04669,32.35814],[-81.0464,32.35888],[-81.04591,32.35885],[-81.04594,32.35856],[-81.04462,32.35798],[-81.04479,32.35772],[-81.0453,32.3577],[-81.04525,32.35716],[-81.04493,32.35665],[-81.04454,32.35634],[-81.04415,32.35662],[-81.0437,32.35662],[-81.0441,32.35564],[-81.04395,32.35555],[-81.044,32.35538],[-81.04431,32.35498],[-81.04489,32.35486],[-81.04499,32.3542],[-81.04573,32.35372],[-81.04589,32.35342],[-81.04667,32.35347],[-81.04637,32.35399],[-81.04597,32.35398],[-81.04596,32.35418],[-81.0465,32.35421],[-81.04726,32.35375],[-81.0478,32.35381],[-81.04798,32.35411],[-81.04871,32.35435],[-81.04979,32.35449],[-81.05007,32.35434],[-81.05043,32.35465],[-81.05201,32.35494],[-81.05407,32.35397],[-81.0556,32.35399],[-81.05656,32.35452],[-81.05685,32.3549],[-81.05696,32.3554],[-81.05733,32.35548],[-81.05734,32.35613],[-81.05799,32.35667],[-81.05866,32.35675],[-81.05914,32.35665],[-81.05945,32.35681],[-81.0598,32.3565],[-81.06094,32.35631],[-81.06106,32.35611],[-81.06176,32.35586],[-81.06263,32.35612],[-81.06286,32.35652],[-81.06266,32.35792],[-81.0621,32.35869],[-81.06185,32.35879],[-81.06206,32.359],[-81.06183,32.35976]],[[-81.04799,32.35707],[-81.04866,32.3571],[-81.04909,32.3569],[-81.04916,32.35598],[-81.04969,32.35553],[-81.04967,32.35542],[-81.04898,32.35536],[-81.049,32.35526],[-81.04906,32.35516],[-81.04947,32.35522],[-81.04961,32.35506],[-81.04726,32.35474],[-81.04655,32.35539],[-81.04557,32.35555],[-81.04548,32.35588],[-81.04572,32.35614],[-81.04587,32.3568],[-81.04616,32.35685],[-81.0463,32.35608],[-81.04652,32.35601],[-81.04684,32.35613],[-81.04706,32.3565],[-81.04784,32.35657],[-81.04726,32.35678],[-81.04721,32.35712],[-81.04767,32.35733],[-81.04794,32.35729],[-81.04799,32.35707]],[[-81.06035,32.35825],[-81.06067,32.35859],[-81.06107,32.35864],[-81.06154,32.35831],[-81.0616,32.35797],[-81.06129,32.35765],[-81.06071,32.35738],[-81.06056,32.35686],[-81.06134,32.3569],[-81.06162,32.35714],[-81.06156,32.35748],[-81.06181,32.35773],[-81.06199,32.35743],[-81.06182,32.35694],[-81.06087,32.35658],[-81.06033,32.35686],[-81.06004,32.35746],[-81.06035,32.35825]]],[[[-81.04291,32.35862],[-81.04307,32.35868],[-81.04272,32.35866],[-81.04291,32.35862]]]]},"properties":{"overlapId":"ov-desc-12-jasper-okatie-230-kv-2-construct--gpc-gen-mcintosh-expansion","type":"Freshwater Forested/Shrub Wetland","attribute":"PFO4/1C","acres":117.06}},{"type":"Feature","geometry":{"type":"Polygon","coordinates":[[[-81.15,32.35672],[-81.14928,32.35554],[-81.14892,32.35523],[-81.14849,32.35439],[-81.14856,32.35425],[-81.1508,32.35437],[-81.1522,32.35469],[-81.15361,32.35576],[-81.15289,32.35603],[-81.15292,32.35637],[-81.15218,32.35681],[-81.15213,32.35751],[-81.15163,32.35753],[-81.15157,32.35765],[-81.15075,32.35749],[-81.15023,32.35758],[-81.15004,32.3575],[-81.15,32.35672]],[[-81.15274,32.35572],[-81.15292,32.3555],[-81.15273,32.35543],[-81.15251,32.35553],[-81.15274,32.35572]]]},"properties":{"overlapId":"ov-desc-12-jasper-okatie-230-kv-2-construct--gpc-gen-mcintosh-expansion","type":"Freshwater Forested/Shrub Wetland","attribute":"PSS1C","acres":25.86}},{"type":"Feature","geometry":{"type":"Polygon","coordinates":[[[-81.12434,32.3579],[-81.1256,32.35737],[-81.12595,32.35741],[-81.12624,32.35765],[-81.12565,32.35796],[-81.12518,32.35782],[-81.12434,32.3579]],[[-81.12559,32.35747],[-81.12533,32.35779],[-81.12578,32.35775],[-81.12598,32.35753],[-81.12559,32.35747]]]},"properties":{"overlapId":"ov-desc-12-jasper-okatie-230-kv-2-construct--gpc-gen-mcintosh-expansion","type":"Freshwater Pond","attribute":"PUBHx","acres":1.04}},{"type":"Feature","geometry":{"type":"Polygon","coordinates":[[[-81.14713,32.34948],[-81.14671,32.35003],[-81.14441,32.35104],[-81.14377,32.3511],[-81.14276,32.35083],[-81.14209,32.35033],[-81.14713,32.34948]]]},"properties":{"overlapId":"ov-desc-12-jasper-okatie-230-kv-2-construct--gpc-gen-mcintosh-expansion","type":"Freshwater Forested/Shrub Wetland","attribute":"PFO1C","acres":9.34}},{"type":"Feature","geometry":{"type":"Polygon","coordinates":[[[-81.14086,32.35053],[-81.14158,32.35131],[-81.14289,32.35187],[-81.14337,32.35182],[-81.1439,32.35222],[-81.14456,32.35311],[-81.14377,32.35343],[-81.14366,32.35284],[-81.14314,32.35236],[-81.14243,32.35237],[-81.1419,32.35258],[-81.14052,32.35233],[-81.13987,32.35239],[-81.13936,32.35306],[-81.13919,32.35298],[-81.13922,32.35252],[-81.13966,32.352],[-81.1396,32.3516],[-81.14003,32.35152],[-81.13992,32.35128],[-81.14012,32.35101],[-81.13969,32.3508],[-81.13942,32.3511],[-81.13929,32.3508],[-81.14086,32.35053]]]},"properties":{"overlapId":"ov-desc-12-jasper-okatie-230-kv-2-construct--gpc-gen-mcintosh-expansion","type":"Freshwater Forested/Shrub Wetland","attribute":"PFO1C","acres":14.49}},{"type":"Feature","geometry":{"type":"Polygon","coordinates":[[[-81.16265,32.35723],[-81.1621,32.35722],[-81.16056,32.3563],[-81.15973,32.355],[-81.1595,32.35413],[-81.15975,32.35258],[-81.16004,32.3523],[-81.16014,32.35167],[-81.16065,32.35096],[-81.16066,32.35059],[-81.16036,32.35021],[-81.15882,32.34987],[-81.15689,32.35006],[-81.15669,32.3505],[-81.15619,32.35099],[-81.15622,32.35127],[-81.15687,32.35142],[-81.15688,32.35172],[-81.15669,32.3519],[-81.1562,32.35193],[-81.1554,32.35177],[-81.15497,32.35145],[-81.15503,32.35096],[-81.15554,32.35055],[-81.15562,32.35077],[-81.15577,32.35074],[-81.15571,32.35042],[-81.15521,32.35024],[-81.15619,32.34969],[-81.15836,32.34947],[-81.15965,32.3496],[-81.16105,32.35016],[-81.16119,32.35093],[-81.16015,32.35249],[-81.15993,32.35371],[-81.16012,32.35469],[-81.16093,32.35608],[-81.16333,32.35736],[-81.16313,32.35753],[-81.16265,32.35723]],[[-81.15541,32.35094],[-81.15544,32.35136],[-81.1558,32.35175],[-81.15594,32.35125],[-81.15582,32.35101],[-81.15541,32.35094]]]},"properties":{"overlapId":"ov-desc-12-jasper-okatie-230-kv-2-construct--gpc-gen-mcintosh-expansion","type":"Freshwater Forested/Shrub Wetland","attribute":"PFO1C","acres":20.15}},{"type":"Feature","geometry":{"type":"MultiPolygon","coordinates":[[[[-81.15269,32.36325],[-81.15222,32.3627],[-81.15222,32.36229],[-81.15119,32.35956],[-81.15091,32.35922],[-81.15025,32.35902],[-81.15005,32.35927],[-81.15086,32.35997],[-81.15131,32.36073],[-81.15117,32.36157],[-81.15124,32.36254],[-81.15161,32.36344],[-81.15119,32.3626],[-81.15091,32.36283],[-81.15081,32.36354],[-81.15063,32.3636],[-81.15083,32.36281],[-81.15116,32.36254],[-81.15117,32.36113],[-81.15107,32.36057],[-81.15058,32.35991],[-81.14794,32.35851],[-81.14743,32.35792],[-81.14721,32.35736],[-81.14719,32.35667],[-81.14746,32.35613],[-81.14736,32.35574],[-81.14547,32.35413],[-81.14387,32.35218],[-81.14337,32.35182],[-81.14289,32.35187],[-81.14173,32.35141],[-81.14087,32.35053],[-81.14209,32.35033],[-81.14276,32.35083],[-81.14333,32.35101],[-81.14441,32.35104],[-81.14671,32.35003],[-81.1471,32.34968],[-81.14712,32.34948],[-81.14801,32.34933],[-81.14734,32.35048],[-81.14791,32.35029],[-81.14889,32.3507],[-81.14931,32.3506],[-81.14974,32.35102],[-81.15045,32.35101],[-81.15123,32.35132],[-81.15164,32.35132],[-81.15204,32.35165],[-81.15376,32.3517],[-81.15427,32.35191],[-81.15456,32.35179],[-81.15483,32.3514],[-81.15491,32.35097],[-81.15555,32.35053],[-81.15498,32.35101],[-81.15491,32.35145],[-81.15462,32.35184],[-81.15427,32.35198],[-81.15375,32.35177],[-81.152,32.35171],[-81.15161,32.35139],[-81.1512,32.35139],[-81.15043,32.35109],[-81.14971,32.3511],[-81.14928,32.35067],[-81.14887,32.35077],[-81.14789,32.35036],[-81.14756,32.35058],[-81.14725,32.35049],[-81.14625,32.35085],[-81.14669,32.35143],[-81.14681,32.35223],[-81.14702,32.35248],[-81.14761,32.35232],[-81.15017,32.35263],[-81.15096,32.35235],[-81.15019,32.3527],[-81.14762,32.35239],[-81.14698,32.35255],[-81.14673,32.35225],[-81.14661,32.35145],[-81.14619,32.35089],[-81.14441,32.35178],[-81.14477,32.35252],[-81.14554,32.35341],[-81.14697,32.3545],[-81.14815,32.35583],[-81.14861,32.35704],[-81.14837,32.35747],[-81.14804,32.35681],[-81.14773,32.35687],[-81.14773,32.35739],[-81.14803,32.35802],[-81.14885,32.3586],[-81.14948,32.35885],[-81.15052,32.35838],[-81.15137,32.35902],[-81.15159,32.35955],[-81.15192,32.35916],[-81.15244,32.35895],[-81.15292,32.35934],[-81.15368,32.35944],[-81.15416,32.36086],[-81.1541,32.36129],[-81.15428,32.3617],[-81.15508,32.36226],[-81.15551,32.36278],[-81.15421,32.36174],[-81.15362,32.3595],[-81.15288,32.35941],[-81.15244,32.35902],[-81.15198,32.35922],[-81.15164,32.35961],[-81.15196,32.36007],[-81.15242,32.36166],[-81.15312,32.36318],[-81.15269,32.36325]],[[-81.15054,32.3585],[-81.15036,32.35885],[-81.15062,32.35874],[-81.15054,32.3585]],[[-81.15097,32.36029],[-81.15109,32.36042],[-81.15091,32.36017],[-81.15097,32.36029]],[[-81.15124,32.36082],[-81.15116,32.36056],[-81.1512,32.36077],[-81.15124,32.36082]]],[[[-81.16012,32.34732],[-81.16051,32.34733],[-81.16071,32.34757],[-81.16024,32.34843],[-81.16102,32.34869],[-81.1619,32.34959],[-81.1621,32.35119],[-81.16114,32.35293],[-81.16095,32.35419],[-81.16106,32.35473],[-81.16162,32.35558],[-81.16234,32.35609],[-81.16359,32.35605],[-81.16444,32.35626],[-81.16592,32.35574],[-81.16747,32.35585],[-81.16864,32.35544],[-81.17,32.35538],[-81.17227,32.35449],[-81.17277,32.35452],[-81.17345,32.35417],[-81.17469,32.3532],[-81.17589,32.35304],[-81.17658,32.3525],[-81.17759,32.35121],[-81.17696,32.35217],[-81.17623,32.3529],[-81.17575,32.35316],[-81.17468,32.35328],[-81.1735,32.35423],[-81.17286,32.35457],[-81.1723,32.35456],[-81.17001,32.35545],[-81.16866,32.35551],[-81.16748,32.35592],[-81.16593,32.35581],[-81.16452,32.35628],[-81.16595,32.35734],[-81.16661,32.35706],[-81.16634,32.3573],[-81.16636,32.35756],[-81.16712,32.35804],[-81.1674,32.35799],[-81.16743,32.35831],[-81.16768,32.3582],[-81.16799,32.35879],[-81.16775,32.35861],[-81.16791,32.35922],[-81.16757,32.35984],[-81.16769,32.36073],[-81.16661,32.36091],[-81.16629,32.36013],[-81.16649,32.35918],[-81.16638,32.35821],[-81.16466,32.35723],[-81.16386,32.35714],[-81.16416,32.35805],[-81.16349,32.35938],[-81.16254,32.35984],[-81.16186,32.36065],[-81.16021,32.36134],[-81.15906,32.36218],[-81.15913,32.36196],[-81.16017,32.36128],[-81.1618,32.3606],[-81.16248,32.35979],[-81.16343,32.35933],[-81.16407,32.35804],[-81.16375,32.35741],[-81.16377,32.35713],[-81.16245,32.35693],[-81.16093,32.35608],[-81.16012,32.35469],[-81.15993,32.35371],[-81.16015,32.35249],[-81.16119,32.35093],[-81.16105,32.35016],[-81.15965,32.3496],[-81.15836,32.34947],[-81.15619,32.34969],[-81.15521,32.35024],[-81.1554,32.35041],[-81.15441,32.35007],[-81.15429,32.34978],[-81.15471,32.3482],[-81.15546,32.34807],[-81.15607,32.34857],[-81.15726,32.34895],[-81.15831,32.34862],[-81.16015,32.34843],[-81.16063,32.34757],[-81.16012,32.34732]],[[-81.15468,32.34957],[-81.15476,32.34977],[-81.15497,32.34897],[-81.15468,32.34957]],[[-81.15525,32.34871],[-81.15505,32.34891],[-81.15486,32.34982],[-81.15529,32.34965],[-81.15536,32.34981],[-81.15545,32.34958],[-81.15577,32.3494],[-81.15556,32.34873],[-81.15525,32.34871]],[[-81.15956,32.34936],[-81.15861,32.34942],[-81.15946,32.34949],[-81.15956,32.34936]],[[-81.15955,32.34951],[-81.1606,32.34983],[-81.161,32.35006],[-81.16039,32.34952],[-81.15966,32.34938],[-81.15955,32.34951]]]]},"properties":{"overlapId":"ov-desc-12-jasper-okatie-230-kv-2-construct--gpc-gen-mcintosh-expansion","type":"Riverine","attribute":"R2UBH","acres":105.17}},{"type":"Feature","geometry":{"type":"Polygon","coordinates":[[[-81.19634,32.29463],[-81.1964,32.29508],[-81.19588,32.29533],[-81.19476,32.29495],[-81.1952,32.29446],[-81.19579,32.29436],[-81.19634,32.29463]]]},"properties":{"overlapId":"ov-desc-12-jasper-okatie-230-kv-2-construct--gpc-sertp26r-p53-sav-goshen-sav-mcintosh-115-kv","type":"Freshwater Pond","attribute":"PAB3Hx","acres":2.68}},{"type":"Feature","geometry":{"type":"Polygon","coordinates":[[[-81.19434,32.28423],[-81.1946,32.28399],[-81.1949,32.2842],[-81.19545,32.28425],[-81.1955,32.28447],[-81.19621,32.28459],[-81.1965,32.28495],[-81.19434,32.28423]]]},"properties":{"overlapId":"ov-desc-12-jasper-okatie-230-kv-2-construct--gpc-sertp26r-p53-sav-goshen-sav-mcintosh-115-kv","type":"Freshwater Pond","attribute":"PAB4/FO5F","acres":1.25}},{"type":"Feature","geometry":{"type":"Polygon","coordinates":[[[-81.19764,32.28537],[-81.19818,32.28533],[-81.19839,32.28562],[-81.19769,32.28569],[-81.19764,32.28537]]]},"properties":{"overlapId":"ov-desc-12-jasper-okatie-230-kv-2-construct--gpc-sertp26r-p53-sav-goshen-sav-mcintosh-115-kv","type":"Freshwater Pond","attribute":"PAB4/FO5F","acres":0.54}},{"type":"Feature","geometry":{"type":"Polygon","coordinates":[[[-81.19583,32.28518],[-81.19522,32.28464],[-81.19466,32.28455],[-81.19455,32.28437],[-81.1953,32.28458],[-81.196,32.28496],[-81.19722,32.28516],[-81.19754,32.2853],[-81.1976,32.28566],[-81.19714,32.28528],[-81.19664,32.28539],[-81.19613,32.28531],[-81.19584,32.28549],[-81.19583,32.28518]]]},"properties":{"overlapId":"ov-desc-12-jasper-okatie-230-kv-2-construct--gpc-sertp26r-p53-sav-goshen-sav-mcintosh-115-kv","type":"Freshwater Pond","attribute":"PAB4/FO5F","acres":1.86}},{"type":"Feature","geometry":{"type":"Polygon","coordinates":[[[-81.19285,32.31091],[-81.19258,32.31178],[-81.19219,32.31176],[-81.19168,32.31141],[-81.19189,32.31081],[-81.19285,32.31091]]]},"properties":{"overlapId":"ov-desc-12-jasper-okatie-230-kv-2-construct--gpc-sertp26r-p53-sav-goshen-sav-mcintosh-115-kv","type":"Freshwater Emergent Wetland","attribute":"PEM1/SS1C","acres":2.08}},{"type":"Feature","geometry":{"type":"Polygon","coordinates":[[[-81.19099,32.31162],[-81.19165,32.31148],[-81.19207,32.31177],[-81.19161,32.31169],[-81.19099,32.31162]]]},"properties":{"overlapId":"ov-desc-12-jasper-okatie-230-kv-2-construct--gpc-sertp26r-p53-sav-goshen-sav-mcintosh-115-kv","type":"Freshwater Emergent Wetland","attribute":"PEM1/SS1C","acres":0.3}},{"type":"Feature","geometry":{"type":"Polygon","coordinates":[[[-81.19246,32.31196],[-81.19224,32.31184],[-81.19255,32.31186],[-81.19246,32.31196]]]},"properties":{"overlapId":"ov-desc-12-jasper-okatie-230-kv-2-construct--gpc-sertp26r-p53-sav-goshen-sav-mcintosh-115-kv","type":"Freshwater Emergent Wetland","attribute":"PEM1/SS1C","acres":0.04}},{"type":"Feature","geometry":{"type":"Polygon","coordinates":[[[-81.19864,32.2852],[-81.19712,32.28488],[-81.1965,32.28495],[-81.19628,32.28464],[-81.19655,32.28448],[-81.19699,32.28474],[-81.19801,32.28481],[-81.19865,32.28502],[-81.19864,32.2852]]]},"properties":{"overlapId":"ov-desc-12-jasper-okatie-230-kv-2-construct--gpc-sertp26r-p53-sav-goshen-sav-mcintosh-115-kv","type":"Freshwater Emergent Wetland","attribute":"PEM1B","acres":1.39}},{"type":"Feature","geometry":{"type":"Polygon","coordinates":[[[-81.19657,32.28502],[-81.19727,32.28497],[-81.19754,32.2853],[-81.19733,32.28522],[-81.19657,32.28502]]]},"properties":{"overlapId":"ov-desc-12-jasper-okatie-230-kv-2-construct--gpc-sertp26r-p53-sav-goshen-sav-mcintosh-115-kv","type":"Freshwater Emergent Wetland","attribute":"PEM1B","acres":0.33}},{"type":"Feature","geometry":{"type":"Polygon","coordinates":[[[-81.19792,32.28509],[-81.19773,32.28515],[-81.19818,32.28533],[-81.19766,32.28539],[-81.19755,32.28508],[-81.19792,32.28509]]]},"properties":{"overlapId":"ov-desc-12-jasper-okatie-230-kv-2-construct--gpc-sertp26r-p53-sav-goshen-sav-mcintosh-115-kv","type":"Freshwater Emergent Wetland","attribute":"PEM1B","acres":0.3}},{"type":"Feature","geometry":{"type":"Polygon","coordinates":[[[-81.19479,32.28651],[-81.19497,32.28616],[-81.19512,32.28647],[-81.19506,32.28705],[-81.19528,32.28718],[-81.19552,32.2871],[-81.19559,32.28744],[-81.19544,32.28913],[-81.19523,32.28926],[-81.19493,32.28912],[-81.19487,32.2889],[-81.19517,32.28815],[-81.19478,32.28774],[-81.19479,32.28651]]]},"properties":{"overlapId":"ov-desc-12-jasper-okatie-230-kv-2-construct--gpc-sertp26r-p53-sav-goshen-sav-mcintosh-115-kv","type":"Freshwater Emergent Wetland","attribute":"PEM1B","acres":3.91}},{"type":"Feature","geometry":{"type":"Polygon","coordinates":[[[-81.19494,32.29957],[-81.19479,32.30034],[-81.1943,32.30033],[-81.194,32.30048],[-81.19395,32.30023],[-81.19494,32.29957]]]},"properties":{"overlapId":"ov-desc-12-jasper-okatie-230-kv-2-construct--gpc-sertp26r-p53-sav-goshen-sav-mcintosh-115-kv","type":"Freshwater Emergent Wetland","attribute":"PEM1B","acres":1.02}},{"type":"Feature","geometry":{"type":"Polygon","coordinates":[[[-81.16884,32.3494],[-81.16889,32.35011],[-81.16786,32.35086],[-81.16726,32.35104],[-81.16746,32.35095],[-81.16729,32.35075],[-81.16806,32.35032],[-81.16837,32.35001],[-81.16854,32.3495],[-81.16884,32.3494]]]},"properties":{"overlapId":"ov-desc-12-jasper-okatie-230-kv-2-construct--gpc-sertp26r-p53-sav-goshen-sav-mcintosh-115-kv","type":"Freshwater Emergent Wetland","attribute":"PEM1C","acres":2.07}},{"type":"Feature","geometry":{"type":"Polygon","coordinates":[[[-81.1864,32.34245],[-81.18606,32.34255],[-81.18619,32.34204],[-81.18626,32.34226],[-81.18669,32.34176],[-81.1864,32.34245]]]},"properties":{"overlapId":"ov-desc-12-jasper-okatie-230-kv-2-construct--gpc-sertp26r-p53-sav-goshen-sav-mcintosh-115-kv","type":"Freshwater Emergent Wetland","attribute":"PEM1Cx","acres":0.48}},{"type":"Feature","geometry":{"type":"Polygon","coordinates":[[[-81.1864,32.34245],[-81.18606,32.34255],[-81.18619,32.34204],[-81.18626,32.34226],[-81.18669,32.34176],[-81.1864,32.34245]]]},"properties":{"overlapId":"ov-desc-12-jasper-okatie-230-kv-2-construct--gpc-sertp26r-p53-sav-goshen-sav-mcintosh-115-kv","type":"Freshwater Emergent Wetland","attribute":"PEM1Cx","acres":0.48}},{"type":"Feature","geometry":{"type":"Polygon","coordinates":[[[-81.18588,32.34319],[-81.18603,32.34264],[-81.18646,32.34248],[-81.18606,32.34313],[-81.18588,32.34319]]]},"properties":{"overlapId":"ov-desc-12-jasper-okatie-230-kv-2-construct--gpc-sertp26r-p53-sav-goshen-sav-mcintosh-115-kv","type":"Freshwater Emergent Wetland","attribute":"PEM1Cx","acres":0.43}},{"type":"Feature","geometry":{"type":"Polygon","coordinates":[[[-81.18588,32.34319],[-81.18603,32.34264],[-81.18646,32.34248],[-81.18606,32.34313],[-81.18588,32.34319]]]},"properties":{"overlapId":"ov-desc-12-jasper-okatie-230-kv-2-construct--gpc-sertp26r-p53-sav-goshen-sav-mcintosh-115-kv","type":"Freshwater Emergent Wetland","attribute":"PEM1Cx","acres":0.43}},{"type":"Feature","geometry":{"type":"Polygon","coordinates":[[[-81.16348,32.35709],[-81.16371,32.35713],[-81.1637,32.35742],[-81.16391,32.35769],[-81.16377,32.35778],[-81.16345,32.35751],[-81.16348,32.35709]]]},"properties":{"overlapId":"ov-desc-12-jasper-okatie-230-kv-2-construct--gpc-sertp26r-p53-sav-goshen-sav-mcintosh-115-kv","type":"Freshwater Emergent Wetland","attribute":"PEM1Cx","acres":0.42}},{"type":"Feature","geometry":{"type":"Polygon","coordinates":[[[-81.16348,32.35709],[-81.16371,32.35713],[-81.1637,32.35742],[-81.16391,32.35769],[-81.16377,32.35778],[-81.16345,32.35751],[-81.16348,32.35709]]]},"properties":{"overlapId":"ov-desc-12-jasper-okatie-230-kv-2-construct--gpc-sertp26r-p53-sav-goshen-sav-mcintosh-115-kv","type":"Freshwater Emergent Wetland","attribute":"PEM1Cx","acres":0.42}},{"type":"Feature","geometry":{"type":"Polygon","coordinates":[[[-81.18448,32.32822],[-81.18437,32.32856],[-81.18406,32.32869],[-81.18421,32.3282],[-81.18448,32.32822]]]},"properties":{"overlapId":"ov-desc-12-jasper-okatie-230-kv-2-construct--gpc-sertp26r-p53-sav-goshen-sav-mcintosh-115-kv","type":"Freshwater Emergent Wetland","attribute":"PEM1F","acres":0.29}},{"type":"Feature","geometry":{"type":"Polygon","coordinates":[[[-81.17267,32.35031],[-81.17279,32.35064],[-81.17218,32.35149],[-81.17097,32.35269],[-81.1702,32.35315],[-81.16985,32.35309],[-81.16972,32.35277],[-81.17121,32.35168],[-81.17241,32.35033],[-81.17267,32.35031]]]},"properties":{"overlapId":"ov-desc-12-jasper-okatie-230-kv-2-construct--gpc-sertp26r-p53-sav-goshen-sav-mcintosh-115-kv","type":"Freshwater Emergent Wetland","attribute":"PEM1Fx","acres":5.48}},{"type":"Feature","geometry":{"type":"Polygon","coordinates":[[[-81.19805,32.28484],[-81.19723,32.28399],[-81.19652,32.28369],[-81.19587,32.28369],[-81.19591,32.28213],[-81.19645,32.28219],[-81.19691,32.28245],[-81.19796,32.28272],[-81.19871,32.28251],[-81.19865,32.28503],[-81.19805,32.28484]]]},"properties":{"overlapId":"ov-desc-12-jasper-okatie-230-kv-2-construct--gpc-sertp26r-p53-sav-goshen-sav-mcintosh-115-kv","type":"Freshwater Forested/Shrub Wetland","attribute":"PFO1/3B","acres":12.73}},{"type":"Feature","geometry":{"type":"Polygon","coordinates":[[[-81.19818,32.28615],[-81.19862,32.28617],[-81.19861,32.28661],[-81.19818,32.28615]]]},"properties":{"overlapId":"ov-desc-12-jasper-okatie-230-kv-2-construct--gpc-sertp26r-p53-sav-goshen-sav-mcintosh-115-kv","type":"Freshwater Forested/Shrub Wetland","attribute":"PFO1/3Bd","acres":0.25}},{"type":"Feature","geometry":{"type":"Polygon","coordinates":[[[-81.1986,32.28706],[-81.19792,32.28688],[-81.19777,32.28606],[-81.19808,32.28612],[-81.1986,32.28669],[-81.1986,32.28706]]]},"properties":{"overlapId":"ov-desc-12-jasper-okatie-230-kv-2-construct--gpc-sertp26r-p53-sav-goshen-sav-mcintosh-115-kv","type":"Freshwater Forested/Shrub Wetland","attribute":"PFO1/3Bd","acres":1.28}},{"type":"Feature","geometry":{"type":"Polygon","coordinates":[[[-81.19833,32.28892],[-81.1981,32.28771],[-81.19805,32.2875],[-81.19858,32.28761],[-81.19855,32.28892],[-81.19833,32.28892]]]},"properties":{"overlapId":"ov-desc-12-jasper-okatie-230-kv-2-construct--gpc-sertp26r-p53-sav-goshen-sav-mcintosh-115-kv","type":"Freshwater Forested/Shrub Wetland","attribute":"PFO1/3Bd","acres":1.28}},{"type":"Feature","geometry":{"type":"Polygon","coordinates":[[[-81.19573,32.2895],[-81.19583,32.28567],[-81.1967,32.28552],[-81.1971,32.28631],[-81.19735,32.28634],[-81.19768,32.28611],[-81.19783,32.28686],[-81.19746,32.28692],[-81.19794,32.28742],[-81.19824,32.28891],[-81.19765,32.28874],[-81.19701,32.2888],[-81.19716,32.28907],[-81.19777,32.28933],[-81.19776,32.28954],[-81.19573,32.2895]]]},"properties":{"overlapId":"ov-desc-12-jasper-okatie-230-kv-2-construct--gpc-sertp26r-p53-sav-goshen-sav-mcintosh-115-kv","type":"Freshwater Forested/Shrub Wetland","attribute":"PFO1/3Bd","acres":19.26}},{"type":"Feature","geometry":{"type":"Polygon","coordinates":[[[-81.19818,32.28613],[-81.19782,32.28586],[-81.198,32.28564],[-81.19839,32.28562],[-81.19842,32.28549],[-81.19773,32.28515],[-81.19792,32.28509],[-81.19864,32.28527],[-81.19862,32.28615],[-81.19818,32.28613]]]},"properties":{"overlapId":"ov-desc-12-jasper-okatie-230-kv-2-construct--gpc-sertp26r-p53-sav-goshen-sav-mcintosh-115-kv","type":"Freshwater Forested/Shrub Wetland","attribute":"PFO1F","acres":1.37}},{"type":"Feature","geometry":{"type":"Polygon","coordinates":[[[-81.18933,32.31166],[-81.18922,32.31166],[-81.18915,32.31185],[-81.18923,32.3116],[-81.18933,32.31166]]]},"properties":{"overlapId":"ov-desc-12-jasper-okatie-230-kv-2-construct--gpc-sertp26r-p53-sav-goshen-sav-mcintosh-115-kv","type":"Freshwater Forested/Shrub Wetland","attribute":"PFO1/4A","acres":0.02}},{"type":"Feature","geometry":{"type":"Polygon","coordinates":[[[-81.17413,32.35964],[-81.17388,32.35943],[-81.17489,32.35935],[-81.17523,32.35879],[-81.17592,32.35861],[-81.17597,32.35882],[-81.17571,32.35909],[-81.17586,32.35935],[-81.17413,32.35964]]]},"properties":{"overlapId":"ov-desc-12-jasper-okatie-230-kv-2-construct--gpc-sertp26r-p53-sav-goshen-sav-mcintosh-115-kv","type":"Freshwater Forested/Shrub Wetland","attribute":"PFO1/4A","acres":1.91}},{"type":"Feature","geometry":{"type":"Polygon","coordinates":[[[-81.19738,32.29764],[-81.19762,32.29791],[-81.19752,32.29859],[-81.19654,32.29897],[-81.19585,32.2997],[-81.19521,32.29978],[-81.19512,32.30043],[-81.19477,32.30053],[-81.19496,32.29943],[-81.19584,32.299],[-81.1963,32.29831],[-81.19676,32.2981],[-81.19689,32.29765],[-81.19738,32.29764]]]},"properties":{"overlapId":"ov-desc-12-jasper-okatie-230-kv-2-construct--gpc-sertp26r-p53-sav-goshen-sav-mcintosh-115-kv","type":"Freshwater Forested/Shrub Wetland","attribute":"PFO1/4B","acres":5.86}},{"type":"Feature","geometry":{"type":"Polygon","coordinates":[[[-81.16809,32.34899],[-81.16825,32.34886],[-81.16863,32.34896],[-81.169,32.3493],[-81.16854,32.3495],[-81.16815,32.34932],[-81.16809,32.34899]]]},"properties":{"overlapId":"ov-desc-12-jasper-okatie-230-kv-2-construct--gpc-sertp26r-p53-sav-goshen-sav-mcintosh-115-kv","type":"Freshwater Forested/Shrub Wetland","attribute":"PFO1/4C","acres":0.95}},{"type":"Feature","geometry":{"type":"Polygon","coordinates":[[[-81.17827,32.35882],[-81.17749,32.35887],[-81.17745,32.35905],[-81.17722,32.3591],[-81.17669,32.35905],[-81.17648,32.35852],[-81.17682,32.35842],[-81.17742,32.35856],[-81.1776,32.35806],[-81.17798,32.35806],[-81.17821,32.35818],[-81.17827,32.35882]]]},"properties":{"overlapId":"ov-desc-12-jasper-okatie-230-kv-2-construct--gpc-sertp26r-p53-sav-goshen-sav-mcintosh-115-kv","type":"Freshwater Forested/Shrub Wetland","attribute":"PFO1/4C","acres":2.7}},{"type":"Feature","geometry":{"type":"Polygon","coordinates":[[[-81.16919,32.34755],[-81.16895,32.34705],[-81.16915,32.34692],[-81.16951,32.34697],[-81.16953,32.34784],[-81.16978,32.34806],[-81.17004,32.34806],[-81.17028,32.3478],[-81.17098,32.34749],[-81.17197,32.3477],[-81.17214,32.34741],[-81.1724,32.34737],[-81.1731,32.34765],[-81.17041,32.34842],[-81.16937,32.34894],[-81.16911,32.34823],[-81.16919,32.34755]]]},"properties":{"overlapId":"ov-desc-12-jasper-okatie-230-kv-2-construct--gpc-sertp26r-p53-sav-goshen-sav-mcintosh-115-kv","type":"Freshwater Forested/Shrub Wetland","attribute":"PFO1/4Ch","acres":6.9}},{"type":"Feature","geometry":{"type":"Polygon","coordinates":[[[-81.19502,32.27957],[-81.1937,32.27994],[-81.19438,32.27963],[-81.19502,32.27957]]]},"properties":{"overlapId":"ov-desc-12-jasper-okatie-230-kv-2-construct--gpc-sertp26r-p53-sav-goshen-sav-mcintosh-115-kv","type":"Freshwater Forested/Shrub Wetland","attribute":"PFO1/SS3Bd","acres":0.32}},{"type":"Feature","geometry":{"type":"Polygon","coordinates":[[[-81.19659,32.28446],[-81.19717,32.2844],[-81.19736,32.28409],[-81.19801,32.28481],[-81.19699,32.28474],[-81.19659,32.28446]]]},"properties":{"overlapId":"ov-desc-12-jasper-okatie-230-kv-2-construct--gpc-sertp26r-p53-sav-goshen-sav-mcintosh-115-kv","type":"Freshwater Forested/Shrub Wetland","attribute":"PFO1/SS4B","acres":1.15}},{"type":"Feature","geometry":{"type":"MultiPolygon","coordinates":[[[[-81.16276,32.34684],[-81.16301,32.34794],[-81.16183,32.34761],[-81.16183,32.34784],[-81.16211,32.34808],[-81.16158,32.34835],[-81.16294,32.34901],[-81.16314,32.34931],[-81.16337,32.35128],[-81.16209,32.35109],[-81.16193,32.34963],[-81.16106,32.34871],[-81.16024,32.34843],[-81.16071,32.34757],[-81.16051,32.34733],[-81.16013,32.34729],[-81.16276,32.34684]]],[[[-81.16351,32.34714],[-81.16338,32.34731],[-81.16317,32.3472],[-81.16298,32.34681],[-81.16332,32.34675],[-81.16351,32.34714]]]]},"properties":{"overlapId":"ov-desc-12-jasper-okatie-230-kv-2-construct--gpc-sertp26r-p53-sav-goshen-sav-mcintosh-115-kv","type":"Freshwater Forested/Shrub Wetland","attribute":"PFO1A","acres":16.95}},{"type":"Feature","geometry":{"type":"Polygon","coordinates":[[[-81.16503,32.35566],[-81.16521,32.35554],[-81.16536,32.35493],[-81.16582,32.35484],[-81.1662,32.35498],[-81.16618,32.35573],[-81.16527,32.35591],[-81.16444,32.35626],[-81.16427,32.3562],[-81.16442,32.35561],[-81.16503,32.35566]]]},"properties":{"overlapId":"ov-desc-12-jasper-okatie-230-kv-2-construct--gpc-sertp26r-p53-sav-goshen-sav-mcintosh-115-kv","type":"Freshwater Forested/Shrub Wetland","attribute":"PFO1A","acres":3.36}},{"type":"Feature","geometry":{"type":"Polygon","coordinates":[[[-81.16193,32.35557],[-81.162,32.35539],[-81.16241,32.35572],[-81.16259,32.35569],[-81.16201,32.35454],[-81.16222,32.35374],[-81.16234,32.35433],[-81.16327,32.35578],[-81.16323,32.35608],[-81.16237,32.3561],[-81.16193,32.35557]]]},"properties":{"overlapId":"ov-desc-12-jasper-okatie-230-kv-2-construct--gpc-sertp26r-p53-sav-goshen-sav-mcintosh-115-kv","type":"Freshwater Forested/Shrub Wetland","attribute":"PFO1A","acres":3.32}},{"type":"Feature","geometry":{"type":"Polygon","coordinates":[[[-81.16602,32.35735],[-81.16452,32.35628],[-81.16614,32.3558],[-81.16668,32.35631],[-81.16644,32.35649],[-81.16581,32.35651],[-81.16578,32.35673],[-81.16642,32.35694],[-81.16681,32.35686],[-81.16602,32.35735]]]},"properties":{"overlapId":"ov-desc-12-jasper-okatie-230-kv-2-construct--gpc-sertp26r-p53-sav-goshen-sav-mcintosh-115-kv","type":"Freshwater Forested/Shrub Wetland","attribute":"PFO1A","acres":4.13}},{"type":"Feature","geometry":{"type":"Polygon","coordinates":[[[-81.16706,32.358],[-81.16631,32.35743],[-81.16684,32.35731],[-81.16707,32.35743],[-81.16706,32.358]]]},"properties":{"overlapId":"ov-desc-12-jasper-okatie-230-kv-2-construct--gpc-sertp26r-p53-sav-goshen-sav-mcintosh-115-kv","type":"Freshwater Forested/Shrub Wetland","attribute":"PFO1A","acres":0.77}},{"type":"Feature","geometry":{"type":"Polygon","coordinates":[[[-81.19181,32.30078],[-81.19277,32.3005],[-81.19339,32.30063],[-81.19358,32.30039],[-81.19354,32.30004],[-81.19397,32.30027],[-81.19401,32.30064],[-81.19386,32.30078],[-81.192,32.3016],[-81.19146,32.30113],[-81.19181,32.30078]]]},"properties":{"overlapId":"ov-desc-12-jasper-okatie-230-kv-2-construct--gpc-sertp26r-p53-sav-goshen-sav-mcintosh-115-kv","type":"Freshwater Forested/Shrub Wetland","attribute":"PFO1B","acres":3.86}},{"type":"Feature","geometry":{"type":"Polygon","coordinates":[[[-81.19278,32.30206],[-81.1915,32.3024],[-81.19124,32.30242],[-81.1913,32.30186],[-81.19278,32.30206]]]},"properties":{"overlapId":"ov-desc-12-jasper-okatie-230-kv-2-construct--gpc-sertp26r-p53-sav-goshen-sav-mcintosh-115-kv","type":"Freshwater Forested/Shrub Wetland","attribute":"PFO1B","acres":1.16}},{"type":"Feature","geometry":{"type":"Polygon","coordinates":[[[-81.1711,32.35484],[-81.17185,32.35432],[-81.1723,32.35449],[-81.17019,32.3553],[-81.17033,32.35509],[-81.1711,32.35484]]]},"properties":{"overlapId":"ov-desc-12-jasper-okatie-230-kv-2-construct--gpc-sertp26r-p53-sav-goshen-sav-mcintosh-115-kv","type":"Freshwater Forested/Shrub Wetland","attribute":"PFO1B","acres":1.18}},{"type":"Feature","geometry":{"type":"Polygon","coordinates":[[[-81.17244,32.35455],[-81.17199,32.355],[-81.17134,32.35505],[-81.17081,32.35571],[-81.17018,32.35544],[-81.17226,32.35457],[-81.17244,32.35455]]]},"properties":{"overlapId":"ov-desc-12-jasper-okatie-230-kv-2-construct--gpc-sertp26r-p53-sav-goshen-sav-mcintosh-115-kv","type":"Freshwater Forested/Shrub Wetland","attribute":"PFO1B","acres":1.38}},{"type":"Feature","geometry":{"type":"Polygon","coordinates":[[[-81.1958,32.28455],[-81.19587,32.28369],[-81.19652,32.28369],[-81.19703,32.28391],[-81.19669,32.28439],[-81.19628,32.28464],[-81.1958,32.28455]]]},"properties":{"overlapId":"ov-desc-12-jasper-okatie-230-kv-2-construct--gpc-sertp26r-p53-sav-goshen-sav-mcintosh-115-kv","type":"Freshwater Forested/Shrub Wetland","attribute":"PFO1C","acres":2.09}},{"type":"Feature","geometry":{"type":"Polygon","coordinates":[[[-81.19229,32.28559],[-81.19311,32.28564],[-81.19373,32.28524],[-81.19393,32.28461],[-81.19474,32.28455],[-81.19484,32.28519],[-81.1947,32.28757],[-81.19447,32.28764],[-81.19368,32.28745],[-81.19344,32.2882],[-81.19311,32.28788],[-81.19326,32.28702],[-81.19282,32.28673],[-81.19223,32.28674],[-81.19229,32.28559]]]},"properties":{"overlapId":"ov-desc-12-jasper-okatie-230-kv-2-construct--gpc-sertp26r-p53-sav-goshen-sav-mcintosh-115-kv","type":"Freshwater Forested/Shrub Wetland","attribute":"PFO1C","acres":14.39}},{"type":"Feature","geometry":{"type":"Polygon","coordinates":[[[-81.19215,32.29004],[-81.19313,32.28985],[-81.19311,32.29046],[-81.19419,32.29108],[-81.1933,32.29117],[-81.19295,32.29105],[-81.19246,32.29142],[-81.19222,32.29133],[-81.19215,32.29004]]]},"properties":{"overlapId":"ov-desc-12-jasper-okatie-230-kv-2-construct--gpc-sertp26r-p53-sav-goshen-sav-mcintosh-115-kv","type":"Freshwater Forested/Shrub Wetland","attribute":"PFO1C","acres":4.43}},{"type":"Feature","geometry":{"type":"Polygon","coordinates":[[[-81.19328,32.29693],[-81.19334,32.29722],[-81.19314,32.29747],[-81.19241,32.2976],[-81.1924,32.29729],[-81.19292,32.29692],[-81.19328,32.29693]]]},"properties":{"overlapId":"ov-desc-12-jasper-okatie-230-kv-2-construct--gpc-sertp26r-p53-sav-goshen-sav-mcintosh-115-kv","type":"Freshwater Forested/Shrub Wetland","attribute":"PFO1C","acres":1.23}},{"type":"Feature","geometry":{"type":"Polygon","coordinates":[[[-81.19597,32.31084],[-81.19587,32.31045],[-81.19563,32.31028],[-81.19643,32.30955],[-81.19597,32.31084]]]},"properties":{"overlapId":"ov-desc-12-jasper-okatie-230-kv-2-construct--gpc-sertp26r-p53-sav-goshen-sav-mcintosh-115-kv","type":"Freshwater Forested/Shrub Wetland","attribute":"PFO1C","acres":0.81}},{"type":"Feature","geometry":{"type":"Polygon","coordinates":[[[-81.19558,32.31133],[-81.19578,32.31121],[-81.19603,32.31086],[-81.19587,32.31139],[-81.19558,32.31133]]]},"properties":{"overlapId":"ov-desc-12-jasper-okatie-230-kv-2-construct--gpc-sertp26r-p53-sav-goshen-sav-mcintosh-115-kv","type":"Freshwater Forested/Shrub Wetland","attribute":"PFO1C","acres":0.18}},{"type":"Feature","geometry":{"type":"Polygon","coordinates":[[[-81.19003,32.31121],[-81.19051,32.31109],[-81.19067,32.31125],[-81.19134,32.31074],[-81.1919,32.3107],[-81.19168,32.31141],[-81.19107,32.31127],[-81.19057,32.31149],[-81.19003,32.31121]]]},"properties":{"overlapId":"ov-desc-12-jasper-okatie-230-kv-2-construct--gpc-sertp26r-p53-sav-goshen-sav-mcintosh-115-kv","type":"Freshwater Forested/Shrub Wetland","attribute":"PFO1C","acres":1.76}},{"type":"Feature","geometry":{"type":"Polygon","coordinates":[[[-81.19258,32.31178],[-81.19284,32.31095],[-81.19354,32.3112],[-81.19394,32.31112],[-81.19487,32.31129],[-81.19546,32.31073],[-81.19558,32.31034],[-81.19577,32.31044],[-81.19588,32.31088],[-81.19568,32.3112],[-81.19463,32.31163],[-81.19333,32.3119],[-81.19258,32.31178]]]},"properties":{"overlapId":"ov-desc-12-jasper-okatie-230-kv-2-construct--gpc-sertp26r-p53-sav-goshen-sav-mcintosh-115-kv","type":"Freshwater Forested/Shrub Wetland","attribute":"PFO1C","acres":4.73}},{"type":"Feature","geometry":{"type":"Polygon","coordinates":[[[-81.19553,32.31216],[-81.19471,32.31215],[-81.19371,32.31243],[-81.19329,32.31221],[-81.19258,32.31213],[-81.19249,32.31194],[-81.19274,32.31184],[-81.19334,32.31198],[-81.1943,32.31181],[-81.19547,32.31136],[-81.19585,32.31146],[-81.19553,32.31216]]]},"properties":{"overlapId":"ov-desc-12-jasper-okatie-230-kv-2-construct--gpc-sertp26r-p53-sav-goshen-sav-mcintosh-115-kv","type":"Freshwater Forested/Shrub Wetland","attribute":"PFO1C","acres":4.22}},{"type":"Feature","geometry":{"type":"Polygon","coordinates":[[[-81.18913,32.31192],[-81.18922,32.31166],[-81.18967,32.31162],[-81.18934,32.31194],[-81.18913,32.31192]]]},"properties":{"overlapId":"ov-desc-12-jasper-okatie-230-kv-2-construct--gpc-sertp26r-p53-sav-goshen-sav-mcintosh-115-kv","type":"Freshwater Forested/Shrub Wetland","attribute":"PFO1C","acres":0.23}},{"type":"Feature","geometry":{"type":"Polygon","coordinates":[[[-81.18915,32.31204],[-81.18952,32.31193],[-81.19,32.31129],[-81.19056,32.31156],[-81.19108,32.31134],[-81.19165,32.31148],[-81.19081,32.31165],[-81.19082,32.31175],[-81.19026,32.31192],[-81.19022,32.31213],[-81.18969,32.31216],[-81.1896,32.31296],[-81.18902,32.3123],[-81.18915,32.31204]]]},"properties":{"overlapId":"ov-desc-12-jasper-okatie-230-kv-2-construct--gpc-sertp26r-p53-sav-goshen-sav-mcintosh-115-kv","type":"Freshwater Forested/Shrub Wetland","attribute":"PFO1C","acres":2.87}},{"type":"Feature","geometry":{"type":"Polygon","coordinates":[[[-81.18899,32.31239],[-81.18953,32.31304],[-81.18879,32.31304],[-81.18899,32.31239]]]},"properties":{"overlapId":"ov-desc-12-jasper-okatie-230-kv-2-construct--gpc-sertp26r-p53-sav-goshen-sav-mcintosh-115-kv","type":"Freshwater Forested/Shrub Wetland","attribute":"PFO1C","acres":0.81}},{"type":"Feature","geometry":{"type":"Polygon","coordinates":[[[-81.18619,32.32211],[-81.18601,32.32226],[-81.18614,32.32181],[-81.18619,32.32211]]]},"properties":{"overlapId":"ov-desc-12-jasper-okatie-230-kv-2-construct--gpc-sertp26r-p53-sav-goshen-sav-mcintosh-115-kv","type":"Freshwater Forested/Shrub Wetland","attribute":"PFO1C","acres":0.09}},{"type":"Feature","geometry":{"type":"Polygon","coordinates":[[[-81.1841,32.33049],[-81.18451,32.33101],[-81.18406,32.33133],[-81.18384,32.33133],[-81.18356,32.33119],[-81.18352,32.33057],[-81.18367,32.33044],[-81.1841,32.33049]]]},"properties":{"overlapId":"ov-desc-12-jasper-okatie-230-kv-2-construct--gpc-sertp26r-p53-sav-goshen-sav-mcintosh-115-kv","type":"Freshwater Forested/Shrub Wetland","attribute":"PFO1C","acres":1.74}},{"type":"Feature","geometry":{"type":"Polygon","coordinates":[[[-81.18706,32.33201],[-81.1875,32.3322],[-81.18744,32.3324],[-81.18713,32.33233],[-81.18706,32.33201]]]},"properties":{"overlapId":"ov-desc-12-jasper-okatie-230-kv-2-construct--gpc-sertp26r-p53-sav-goshen-sav-mcintosh-115-kv","type":"Freshwater Forested/Shrub Wetland","attribute":"PFO1C","acres":0.3}},{"type":"Feature","geometry":{"type":"Polygon","coordinates":[[[-81.18801,32.33238],[-81.18849,32.33258],[-81.18853,32.33307],[-81.18808,32.33307],[-81.18794,32.33285],[-81.18801,32.33238]]]},"properties":{"overlapId":"ov-desc-12-jasper-okatie-230-kv-2-construct--gpc-sertp26r-p53-sav-goshen-sav-mcintosh-115-kv","type":"Freshwater Forested/Shrub Wetland","attribute":"PFO1C","acres":0.89}},{"type":"Feature","geometry":{"type":"Polygon","coordinates":[[[-81.18294,32.33241],[-81.18404,32.33232],[-81.18417,32.33194],[-81.18439,32.33185],[-81.18435,32.33163],[-81.18473,32.3313],[-81.18537,32.33215],[-81.18519,32.33276],[-81.18458,32.33257],[-81.18348,32.33275],[-81.18334,32.33299],[-81.18308,32.333],[-81.18283,32.33284],[-81.18294,32.33241]]]},"properties":{"overlapId":"ov-desc-12-jasper-okatie-230-kv-2-construct--gpc-sertp26r-p53-sav-goshen-sav-mcintosh-115-kv","type":"Freshwater Forested/Shrub Wetland","attribute":"PFO1C","acres":4.58}},{"type":"Feature","geometry":{"type":"Polygon","coordinates":[[[-81.18731,32.33411],[-81.18754,32.33429],[-81.18736,32.33452],[-81.18701,32.33455],[-81.18696,32.33424],[-81.18731,32.33411]]]},"properties":{"overlapId":"ov-desc-12-jasper-okatie-230-kv-2-construct--gpc-sertp26r-p53-sav-goshen-sav-mcintosh-115-kv","type":"Freshwater Forested/Shrub Wetland","attribute":"PFO1C","acres":0.47}},{"type":"Feature","geometry":{"type":"Polygon","coordinates":[[[-81.18879,32.33483],[-81.18867,32.33472],[-81.18889,32.33449],[-81.18879,32.33483]]]},"properties":{"overlapId":"ov-desc-12-jasper-okatie-230-kv-2-construct--gpc-sertp26r-p53-sav-goshen-sav-mcintosh-115-kv","type":"Freshwater Forested/Shrub Wetland","attribute":"PFO1C","acres":0.09}},{"type":"Feature","geometry":{"type":"Polygon","coordinates":[[[-81.18621,32.34196],[-81.18606,32.34255],[-81.18555,32.34282],[-81.18504,32.34349],[-81.18499,32.34257],[-81.18513,32.34227],[-81.18529,32.34207],[-81.18621,32.34196]]]},"properties":{"overlapId":"ov-desc-12-jasper-okatie-230-kv-2-construct--gpc-sertp26r-p53-sav-goshen-sav-mcintosh-115-kv","type":"Freshwater Forested/Shrub Wetland","attribute":"PFO1C","acres":2.44}},{"type":"Feature","geometry":{"type":"Polygon","coordinates":[[[-81.18458,32.34489],[-81.18461,32.34425],[-81.18561,32.34287],[-81.18603,32.34264],[-81.18583,32.34339],[-81.18458,32.34489]]]},"properties":{"overlapId":"ov-desc-12-jasper-okatie-230-kv-2-construct--gpc-sertp26r-p53-sav-goshen-sav-mcintosh-115-kv","type":"Freshwater Forested/Shrub Wetland","attribute":"PFO1C","acres":2.39}},{"type":"Feature","geometry":{"type":"Polygon","coordinates":[[[-81.18435,32.34452],[-81.18451,32.34431],[-81.18452,32.34496],[-81.18433,32.34519],[-81.18435,32.34452]]]},"properties":{"overlapId":"ov-desc-12-jasper-okatie-230-kv-2-construct--gpc-sertp26r-p53-sav-goshen-sav-mcintosh-115-kv","type":"Freshwater Forested/Shrub Wetland","attribute":"PFO1C","acres":0.26}},{"type":"Feature","geometry":{"type":"Polygon","coordinates":[[[-81.15946,32.34949],[-81.15861,32.34942],[-81.15953,32.34936],[-81.15946,32.34949]]]},"properties":{"overlapId":"ov-desc-12-jasper-okatie-230-kv-2-construct--gpc-sertp26r-p53-sav-goshen-sav-mcintosh-115-kv","type":"Freshwater Forested/Shrub Wetland","attribute":"PFO1C","acres":0.15}},{"type":"Feature","geometry":{"type":"Polygon","coordinates":[[[-81.16035,32.3495],[-81.161,32.35006],[-81.15955,32.34951],[-81.15963,32.34941],[-81.16035,32.3495]]]},"properties":{"overlapId":"ov-desc-12-jasper-okatie-230-kv-2-construct--gpc-sertp26r-p53-sav-goshen-sav-mcintosh-115-kv","type":"Freshwater Forested/Shrub Wetland","attribute":"PFO1C","acres":0.54}},{"type":"Feature","geometry":{"type":"Polygon","coordinates":[[[-81.16388,32.34666],[-81.16338,32.34886],[-81.1637,32.34942],[-81.16353,32.34969],[-81.16376,32.35119],[-81.16337,32.35128],[-81.16318,32.34943],[-81.16294,32.34901],[-81.16158,32.34835],[-81.16211,32.34808],[-81.16183,32.34784],[-81.16183,32.34761],[-81.163,32.34795],[-81.16276,32.34684],[-81.16298,32.34681],[-81.16338,32.34731],[-81.16351,32.34714],[-81.16332,32.34675],[-81.16388,32.34666]]]},"properties":{"overlapId":"ov-desc-12-jasper-okatie-230-kv-2-construct--gpc-sertp26r-p53-sav-goshen-sav-mcintosh-115-kv","type":"Freshwater Forested/Shrub Wetland","attribute":"PFO1C","acres":9.1}},{"type":"Feature","geometry":{"type":"Polygon","coordinates":[[[-81.16326,32.35346],[-81.16341,32.35365],[-81.16337,32.35437],[-81.16263,32.35338],[-81.16326,32.35346]]]},"properties":{"overlapId":"ov-desc-12-jasper-okatie-230-kv-2-construct--gpc-sertp26r-p53-sav-goshen-sav-mcintosh-115-kv","type":"Freshwater Forested/Shrub Wetland","attribute":"PFO1C","acres":1.05}},{"type":"Feature","geometry":{"type":"Polygon","coordinates":[[[-81.16889,32.36025],[-81.16852,32.36033],[-81.16852,32.36059],[-81.16768,32.36072],[-81.16756,32.35988],[-81.16791,32.35922],[-81.16775,32.35861],[-81.16799,32.35879],[-81.16778,32.3585],[-81.16805,32.35834],[-81.16897,32.35865],[-81.1707,32.35972],[-81.17088,32.36019],[-81.16928,32.36046],[-81.16889,32.36025]]]},"properties":{"overlapId":"ov-desc-12-jasper-okatie-230-kv-2-construct--gpc-sertp26r-p53-sav-goshen-sav-mcintosh-115-kv","type":"Freshwater Forested/Shrub Wetland","attribute":"PFO1C","acres":11.99}},{"type":"Feature","geometry":{"type":"Polygon","coordinates":[[[-81.19414,32.28399],[-81.1944,32.28389],[-81.19485,32.284],[-81.19481,32.28416],[-81.1946,32.28399],[-81.19438,32.28427],[-81.19413,32.28428],[-81.19414,32.28399]]]},"properties":{"overlapId":"ov-desc-12-jasper-okatie-230-kv-2-construct--gpc-sertp26r-p53-sav-goshen-sav-mcintosh-115-kv","type":"Freshwater Forested/Shrub Wetland","attribute":"PFO1F","acres":0.42}},{"type":"Feature","geometry":{"type":"Polygon","coordinates":[[[-81.19408,32.28398],[-81.19407,32.28429],[-81.19351,32.28441],[-81.19333,32.28472],[-81.19324,32.28436],[-81.19376,32.284],[-81.19408,32.28398]]]},"properties":{"overlapId":"ov-desc-12-jasper-okatie-230-kv-2-construct--gpc-sertp26r-p53-sav-goshen-sav-mcintosh-115-kv","type":"Freshwater Forested/Shrub Wetland","attribute":"PFO1F","acres":0.62}},{"type":"Feature","geometry":{"type":"Polygon","coordinates":[[[-81.19236,32.28489],[-81.19315,32.28497],[-81.1933,32.28484],[-81.19328,32.28512],[-81.19227,32.28526],[-81.19236,32.28489]]]},"properties":{"overlapId":"ov-desc-12-jasper-okatie-230-kv-2-construct--gpc-sertp26r-p53-sav-goshen-sav-mcintosh-115-kv","type":"Freshwater Forested/Shrub Wetland","attribute":"PFO1F","acres":0.78}},{"type":"Feature","geometry":{"type":"Polygon","coordinates":[[[-81.19324,32.28524],[-81.19356,32.28446],[-81.19455,32.28437],[-81.19464,32.28452],[-81.19393,32.28461],[-81.19381,32.28514],[-81.19299,32.28568],[-81.19226,32.2856],[-81.19227,32.28533],[-81.19324,32.28524]]]},"properties":{"overlapId":"ov-desc-12-jasper-okatie-230-kv-2-construct--gpc-sertp26r-p53-sav-goshen-sav-mcintosh-115-kv","type":"Freshwater Forested/Shrub Wetland","attribute":"PFO1F","acres":2.35}},{"type":"Feature","geometry":{"type":"Polygon","coordinates":[[[-81.19303,32.28847],[-81.19309,32.28777],[-81.19344,32.2882],[-81.19357,32.28804],[-81.19368,32.28818],[-81.19367,32.28873],[-81.19351,32.28891],[-81.19327,32.28885],[-81.19303,32.28847]]]},"properties":{"overlapId":"ov-desc-12-jasper-okatie-230-kv-2-construct--gpc-sertp26r-p53-sav-goshen-sav-mcintosh-115-kv","type":"Freshwater Forested/Shrub Wetland","attribute":"PFO1F","acres":1.18}},{"type":"Feature","geometry":{"type":"Polygon","coordinates":[[[-81.16327,32.35578],[-81.16234,32.35433],[-81.16215,32.35327],[-81.16221,32.35267],[-81.16277,32.35256],[-81.16283,32.35238],[-81.16245,32.35153],[-81.16272,32.35152],[-81.16306,32.35187],[-81.16405,32.35166],[-81.16413,32.35201],[-81.16395,32.35228],[-81.16361,32.35228],[-81.16306,32.35287],[-81.16306,32.35307],[-81.16263,32.35328],[-81.16289,32.35385],[-81.16369,32.35465],[-81.16377,32.35522],[-81.16346,32.35523],[-81.16353,32.35604],[-81.16323,32.35608],[-81.16327,32.35578]]]},"properties":{"overlapId":"ov-desc-12-jasper-okatie-230-kv-2-construct--gpc-sertp26r-p53-sav-goshen-sav-mcintosh-115-kv","type":"Freshwater Forested/Shrub Wetland","attribute":"PFO1F","acres":8.95}},{"type":"Feature","geometry":{"type":"Polygon","coordinates":[[[-81.17749,32.35887],[-81.17782,32.35876],[-81.17821,32.35883],[-81.17745,32.35905],[-81.17749,32.35887]]]},"properties":{"overlapId":"ov-desc-12-jasper-okatie-230-kv-2-construct--gpc-sertp26r-p53-sav-goshen-sav-mcintosh-115-kv","type":"Freshwater Forested/Shrub Wetland","attribute":"PFO1F","acres":0.29}},{"type":"Feature","geometry":{"type":"Polygon","coordinates":[[[-81.19212,32.29112],[-81.19246,32.29142],[-81.19295,32.29105],[-81.19317,32.29117],[-81.1941,32.29113],[-81.19435,32.29129],[-81.19303,32.29252],[-81.19234,32.2922],[-81.1921,32.29164],[-81.19212,32.29112]]]},"properties":{"overlapId":"ov-desc-12-jasper-okatie-230-kv-2-construct--gpc-sertp26r-p53-sav-goshen-sav-mcintosh-115-kv","type":"Freshwater Forested/Shrub Wetland","attribute":"PFO3/1B","acres":5.01}},{"type":"Feature","geometry":{"type":"Polygon","coordinates":[[[-81.19462,32.30799],[-81.19401,32.30785],[-81.19432,32.30747],[-81.19422,32.30715],[-81.19458,32.30669],[-81.19524,32.30684],[-81.19645,32.30682],[-81.19665,32.30744],[-81.19616,32.30817],[-81.19552,32.30803],[-81.19489,32.30845],[-81.19462,32.30799]]]},"properties":{"overlapId":"ov-desc-12-jasper-okatie-230-kv-2-construct--gpc-sertp26r-p53-sav-goshen-sav-mcintosh-115-kv","type":"Freshwater Forested/Shrub Wetland","attribute":"PFO4/3B","acres":7.68}},{"type":"Feature","geometry":{"type":"Polygon","coordinates":[[[-81.16263,32.35338],[-81.1627,32.35315],[-81.16306,32.35307],[-81.16306,32.35287],[-81.16361,32.35228],[-81.16392,32.35228],[-81.16353,32.35273],[-81.16386,32.35284],[-81.16397,32.35331],[-81.16377,32.35402],[-81.16394,32.35457],[-81.16374,32.35491],[-81.16362,32.35454],[-81.16337,32.35437],[-81.16341,32.35365],[-81.16314,32.35341],[-81.16263,32.35338]]]},"properties":{"overlapId":"ov-desc-12-jasper-okatie-230-kv-2-construct--gpc-sertp26r-p53-sav-goshen-sav-mcintosh-115-kv","type":"Freshwater Forested/Shrub Wetland","attribute":"PSS1/4C","acres":3.47}},{"type":"Feature","geometry":{"type":"Polygon","coordinates":[[[-81.19736,32.28409],[-81.19727,32.28433],[-81.19667,32.2844],[-81.19703,32.28391],[-81.19736,32.28409]]]},"properties":{"overlapId":"ov-desc-12-jasper-okatie-230-kv-2-construct--gpc-sertp26r-p53-sav-goshen-sav-mcintosh-115-kv","type":"Freshwater Forested/Shrub Wetland","attribute":"PSS1C","acres":0.6}},{"type":"Feature","geometry":{"type":"Polygon","coordinates":[[[-81.1837,32.33673],[-81.18363,32.33717],[-81.18323,32.33725],[-81.18354,32.33671],[-81.1837,32.33673]]]},"properties":{"overlapId":"ov-desc-12-jasper-okatie-230-kv-2-construct--gpc-sertp26r-p53-sav-goshen-sav-mcintosh-115-kv","type":"Freshwater Forested/Shrub Wetland","attribute":"PSS1C","acres":0.4}},{"type":"Feature","geometry":{"type":"Polygon","coordinates":[[[-81.1861,32.33796],[-81.186,32.33817],[-81.18554,32.33818],[-81.18572,32.33791],[-81.1861,32.33796]]]},"properties":{"overlapId":"ov-desc-12-jasper-okatie-230-kv-2-construct--gpc-sertp26r-p53-sav-goshen-sav-mcintosh-115-kv","type":"Freshwater Forested/Shrub Wetland","attribute":"PSS1C","acres":0.37}},{"type":"Feature","geometry":{"type":"Polygon","coordinates":[[[-81.16909,32.34822],[-81.16938,32.34895],[-81.16918,32.34933],[-81.16891,32.3492],[-81.16918,32.34882],[-81.16909,32.34822]]]},"properties":{"overlapId":"ov-desc-12-jasper-okatie-230-kv-2-construct--gpc-sertp26r-p53-sav-goshen-sav-mcintosh-115-kv","type":"Freshwater Pond","attribute":"PUBFh","acres":0.63}},{"type":"Feature","geometry":{"type":"Polygon","coordinates":[[[-81.16909,32.34822],[-81.16938,32.34895],[-81.16918,32.34933],[-81.16891,32.3492],[-81.16918,32.34882],[-81.16909,32.34822]]]},"properties":{"overlapId":"ov-desc-12-jasper-okatie-230-kv-2-construct--gpc-sertp26r-p53-sav-goshen-sav-mcintosh-115-kv","type":"Freshwater Pond","attribute":"PUBFh","acres":0.63}},{"type":"Feature","geometry":{"type":"Polygon","coordinates":[[[-81.18517,32.32807],[-81.18608,32.32843],[-81.18596,32.32859],[-81.18529,32.32898],[-81.18524,32.32933],[-81.18493,32.32937],[-81.1848,32.32925],[-81.18504,32.32817],[-81.18517,32.32807]]]},"properties":{"overlapId":"ov-desc-12-jasper-okatie-230-kv-2-construct--gpc-sertp26r-p53-sav-goshen-sav-mcintosh-115-kv","type":"Freshwater Pond","attribute":"PUBFx","acres":2.26}},{"type":"Feature","geometry":{"type":"Polygon","coordinates":[[[-81.18517,32.32807],[-81.18608,32.32843],[-81.18596,32.32859],[-81.18529,32.32898],[-81.18524,32.32933],[-81.18493,32.32937],[-81.1848,32.32925],[-81.18504,32.32817],[-81.18517,32.32807]]]},"properties":{"overlapId":"ov-desc-12-jasper-okatie-230-kv-2-construct--gpc-sertp26r-p53-sav-goshen-sav-mcintosh-115-kv","type":"Freshwater Pond","attribute":"PUBFx","acres":2.26}},{"type":"Feature","geometry":{"type":"Polygon","coordinates":[[[-81.17347,32.34836],[-81.17354,32.34858],[-81.1736,32.34919],[-81.17262,32.34859],[-81.17347,32.34836]]]},"properties":{"overlapId":"ov-desc-12-jasper-okatie-230-kv-2-construct--gpc-sertp26r-p53-sav-goshen-sav-mcintosh-115-kv","type":"Freshwater Pond","attribute":"PUBFx","acres":1.09}},{"type":"Feature","geometry":{"type":"Polygon","coordinates":[[[-81.17347,32.34836],[-81.17354,32.34858],[-81.1736,32.34919],[-81.17262,32.34859],[-81.17347,32.34836]]]},"properties":{"overlapId":"ov-desc-12-jasper-okatie-230-kv-2-construct--gpc-sertp26r-p53-sav-goshen-sav-mcintosh-115-kv","type":"Freshwater Pond","attribute":"PUBFx","acres":1.09}},{"type":"Feature","geometry":{"type":"Polygon","coordinates":[[[-81.17057,32.35145],[-81.17223,32.34952],[-81.1725,32.34883],[-81.1729,32.34894],[-81.17263,32.34979],[-81.17073,32.3519],[-81.17044,32.3518],[-81.1704,32.352],[-81.17005,32.35209],[-81.17015,32.35221],[-81.1705,32.35216],[-81.16961,32.35265],[-81.16938,32.35244],[-81.16941,32.35222],[-81.17057,32.35145]]]},"properties":{"overlapId":"ov-desc-12-jasper-okatie-230-kv-2-construct--gpc-sertp26r-p53-sav-goshen-sav-mcintosh-115-kv","type":"Freshwater Pond","attribute":"PUBFx","acres":5.72}},{"type":"Feature","geometry":{"type":"Polygon","coordinates":[[[-81.17057,32.35145],[-81.17223,32.34952],[-81.1725,32.34883],[-81.1729,32.34894],[-81.17263,32.34979],[-81.17073,32.3519],[-81.17044,32.3518],[-81.1704,32.352],[-81.17005,32.35209],[-81.17015,32.35221],[-81.1705,32.35216],[-81.16961,32.35265],[-81.16938,32.35244],[-81.16941,32.35222],[-81.17057,32.35145]]]},"properties":{"overlapId":"ov-desc-12-jasper-okatie-230-kv-2-construct--gpc-sertp26r-p53-sav-goshen-sav-mcintosh-115-kv","type":"Freshwater Pond","attribute":"PUBFx","acres":5.72}},{"type":"Feature","geometry":{"type":"Polygon","coordinates":[[[-81.1967,32.29794],[-81.19616,32.29813],[-81.19609,32.29799],[-81.19644,32.29773],[-81.1967,32.29794]]]},"properties":{"overlapId":"ov-desc-12-jasper-okatie-230-kv-2-construct--gpc-sertp26r-p53-sav-goshen-sav-mcintosh-115-kv","type":"Freshwater Pond","attribute":"PUBH","acres":0.3}},{"type":"Feature","geometry":{"type":"Polygon","coordinates":[[[-81.16584,32.35105],[-81.16645,32.35113],[-81.16713,32.35073],[-81.16746,32.35095],[-81.1669,32.35134],[-81.16655,32.35134],[-81.16619,32.35156],[-81.16557,32.35153],[-81.16554,32.35122],[-81.16584,32.35105]]]},"properties":{"overlapId":"ov-desc-12-jasper-okatie-230-kv-2-construct--gpc-sertp26r-p53-sav-goshen-sav-mcintosh-115-kv","type":"Freshwater Pond","attribute":"PUBHh","acres":1.83}},{"type":"Feature","geometry":{"type":"Polygon","coordinates":[[[-81.19223,32.28673],[-81.19258,32.28705],[-81.19222,32.28717],[-81.19223,32.28673]]]},"properties":{"overlapId":"ov-desc-12-jasper-okatie-230-kv-2-construct--gpc-sertp26r-p53-sav-goshen-sav-mcintosh-115-kv","type":"Freshwater Pond","attribute":"PUBHx","acres":0.3}},{"type":"Feature","geometry":{"type":"Polygon","coordinates":[[[-81.1936,32.28881],[-81.19375,32.289],[-81.19349,32.28904],[-81.1936,32.28881]]]},"properties":{"overlapId":"ov-desc-12-jasper-okatie-230-kv-2-construct--gpc-sertp26r-p53-sav-goshen-sav-mcintosh-115-kv","type":"Freshwater Pond","attribute":"PUBHx","acres":0.12}},{"type":"Feature","geometry":{"type":"Polygon","coordinates":[[[-81.19576,32.29417],[-81.19479,32.29421],[-81.1947,32.29406],[-81.19505,32.2938],[-81.19636,32.29393],[-81.19651,32.29382],[-81.19697,32.2929],[-81.19665,32.29315],[-81.19614,32.29298],[-81.19647,32.29243],[-81.1977,32.29298],[-81.19735,32.29347],[-81.19751,32.29371],[-81.19708,32.29449],[-81.19683,32.29461],[-81.19576,32.29417]]]},"properties":{"overlapId":"ov-desc-12-jasper-okatie-230-kv-2-construct--gpc-sertp26r-p53-sav-goshen-sav-mcintosh-115-kv","type":"Freshwater Pond","attribute":"PUBHx","acres":6.24}},{"type":"Feature","geometry":{"type":"Polygon","coordinates":[[[-81.19174,32.31749],[-81.19197,32.3166],[-81.19277,32.31686],[-81.19262,32.3174],[-81.19237,32.31767],[-81.19174,32.31749]]]},"properties":{"overlapId":"ov-desc-12-jasper-okatie-230-kv-2-construct--gpc-sertp26r-p53-sav-goshen-sav-mcintosh-115-kv","type":"Freshwater Pond","attribute":"PUBHx","acres":2.02}},{"type":"Feature","geometry":{"type":"Polygon","coordinates":[[[-81.18717,32.32606],[-81.18717,32.32644],[-81.18668,32.32643],[-81.18668,32.32605],[-81.18717,32.32606]]]},"properties":{"overlapId":"ov-desc-12-jasper-okatie-230-kv-2-construct--gpc-sertp26r-p53-sav-goshen-sav-mcintosh-115-kv","type":"Freshwater Pond","attribute":"PUBHx","acres":0.48}},{"type":"Feature","geometry":{"type":"Polygon","coordinates":[[[-81.18658,32.32605],[-81.18659,32.32729],[-81.18584,32.32732],[-81.18582,32.32604],[-81.18658,32.32605]]]},"properties":{"overlapId":"ov-desc-12-jasper-okatie-230-kv-2-construct--gpc-sertp26r-p53-sav-goshen-sav-mcintosh-115-kv","type":"Freshwater Pond","attribute":"PUBHx","acres":2.46}},{"type":"Feature","geometry":{"type":"Polygon","coordinates":[[[-81.18356,32.34603],[-81.18321,32.34506],[-81.18317,32.34488],[-81.18349,32.34502],[-81.18378,32.34584],[-81.18356,32.34603]]]},"properties":{"overlapId":"ov-desc-12-jasper-okatie-230-kv-2-construct--gpc-sertp26r-p53-sav-goshen-sav-mcintosh-115-kv","type":"Freshwater Pond","attribute":"PUBHx","acres":0.76}},{"type":"Feature","geometry":{"type":"Polygon","coordinates":[[[-81.18259,32.34957],[-81.18096,32.3505],[-81.18074,32.35053],[-81.18247,32.34956],[-81.18259,32.34957]]]},"properties":{"overlapId":"ov-desc-12-jasper-okatie-230-kv-2-construct--gpc-sertp26r-p53-sav-goshen-sav-mcintosh-115-kv","type":"Freshwater Pond","attribute":"PUBHx","acres":0.39}},{"type":"Feature","geometry":{"type":"Polygon","coordinates":[[[-81.16557,32.35387],[-81.16539,32.35353],[-81.16569,32.35344],[-81.16596,32.35406],[-81.16557,32.35387]]]},"properties":{"overlapId":"ov-desc-12-jasper-okatie-230-kv-2-construct--gpc-sertp26r-p53-sav-goshen-sav-mcintosh-115-kv","type":"Freshwater Pond","attribute":"PUBHx","acres":0.47}},{"type":"Feature","geometry":{"type":"Polygon","coordinates":[[[-81.16617,32.35419],[-81.16637,32.35446],[-81.16596,32.3543],[-81.16617,32.35419]]]},"properties":{"overlapId":"ov-desc-12-jasper-okatie-230-kv-2-construct--gpc-sertp26r-p53-sav-goshen-sav-mcintosh-115-kv","type":"Freshwater Pond","attribute":"PUBHx","acres":0.17}},{"type":"Feature","geometry":{"type":"Polygon","coordinates":[[[-81.16732,32.35642],[-81.16744,32.35649],[-81.16726,32.3567],[-81.16712,32.35665],[-81.16732,32.35642]]]},"properties":{"overlapId":"ov-desc-12-jasper-okatie-230-kv-2-construct--gpc-sertp26r-p53-sav-goshen-sav-mcintosh-115-kv","type":"Freshwater Pond","attribute":"PUBHx","acres":0.1}},{"type":"Feature","geometry":{"type":"Polygon","coordinates":[[[-81.17499,32.35917],[-81.17489,32.35935],[-81.17469,32.35939],[-81.17471,32.35927],[-81.17499,32.35917]]]},"properties":{"overlapId":"ov-desc-12-jasper-okatie-230-kv-2-construct--gpc-sertp26r-p53-sav-goshen-sav-mcintosh-115-kv","type":"Freshwater Pond","attribute":"PUBHx","acres":0.11}},{"type":"Feature","geometry":{"type":"Polygon","coordinates":[[[-81.18908,32.33044],[-81.19043,32.3294],[-81.18996,32.33095],[-81.18908,32.33044]]]},"properties":{"overlapId":"ov-desc-12-jasper-okatie-230-kv-2-construct--gpc-sertp26r-p53-sav-goshen-sav-mcintosh-115-kv","type":"Freshwater Pond","attribute":"PUBKx","acres":2.07}},{"type":"Feature","geometry":{"type":"Polygon","coordinates":[[[-81.19509,32.28093],[-81.19423,32.28198],[-81.19432,32.28334],[-81.19407,32.28429],[-81.19425,32.28333],[-81.19417,32.28197],[-81.19509,32.28093]]]},"properties":{"overlapId":"ov-desc-12-jasper-okatie-230-kv-2-construct--gpc-sertp26r-p53-sav-goshen-sav-mcintosh-115-kv","type":"Riverine","attribute":"R4SBC","acres":0.57}},{"type":"Feature","geometry":{"type":"Polygon","coordinates":[[[-81.19771,32.28582],[-81.19813,32.28609],[-81.19861,32.28665],[-81.19771,32.28582]]]},"properties":{"overlapId":"ov-desc-12-jasper-okatie-230-kv-2-construct--gpc-sertp26r-p53-sav-goshen-sav-mcintosh-115-kv","type":"Riverine","attribute":"R4SBC","acres":0.16}},{"type":"Feature","geometry":{"type":"Polygon","coordinates":[[[-81.1943,32.31659],[-81.1927,32.31616],[-81.19127,32.31529],[-81.1906,32.31471],[-81.19278,32.31614],[-81.19431,32.31657],[-81.1943,32.31659]]]},"properties":{"overlapId":"ov-desc-12-jasper-okatie-230-kv-2-construct--gpc-sertp26r-p53-sav-goshen-sav-mcintosh-115-kv","type":"Riverine","attribute":"R4SBC","acres":0.57}},{"type":"Feature","geometry":{"type":"Polygon","coordinates":[[[-81.19056,32.31567],[-81.19173,32.3167],[-81.19187,32.31708],[-81.19162,32.31666],[-81.19045,32.31563],[-81.19042,32.31532],[-81.19056,32.31567]]]},"properties":{"overlapId":"ov-desc-12-jasper-okatie-230-kv-2-construct--gpc-sertp26r-p53-sav-goshen-sav-mcintosh-115-kv","type":"Riverine","attribute":"R4SBC","acres":0.26}},{"type":"Feature","geometry":{"type":"Polygon","coordinates":[[[-81.19372,32.3185],[-81.19232,32.31768],[-81.19286,32.31786],[-81.19372,32.3185]]]},"properties":{"overlapId":"ov-desc-12-jasper-okatie-230-kv-2-construct--gpc-sertp26r-p53-sav-goshen-sav-mcintosh-115-kv","type":"Riverine","attribute":"R4SBC","acres":0.19}},{"type":"Feature","geometry":{"type":"Polygon","coordinates":[[[-81.18956,32.31593],[-81.18975,32.31745],[-81.19131,32.31963],[-81.19138,32.32027],[-81.19129,32.32069],[-81.19085,32.3215],[-81.19004,32.32214],[-81.19085,32.3214],[-81.19123,32.32067],[-81.19131,32.32006],[-81.19125,32.31965],[-81.19083,32.31897],[-81.18969,32.31747],[-81.18956,32.316],[-81.1878,32.31741],[-81.18735,32.31866],[-81.18699,32.31932],[-81.1867,32.32054],[-81.18691,32.32233],[-81.18664,32.32054],[-81.18693,32.3193],[-81.18775,32.31738],[-81.18956,32.31593]]]},"properties":{"overlapId":"ov-desc-12-jasper-okatie-230-kv-2-construct--gpc-sertp26r-p53-sav-goshen-sav-mcintosh-115-kv","type":"Riverine","attribute":"R4SBC","acres":2.19}},{"type":"Feature","geometry":{"type":"Polygon","coordinates":[[[-81.18585,32.32618],[-81.18579,32.32618],[-81.18583,32.32614],[-81.18585,32.32618]]]},"properties":{"overlapId":"ov-desc-12-jasper-okatie-230-kv-2-construct--gpc-sertp26r-p53-sav-goshen-sav-mcintosh-115-kv","type":"Riverine","attribute":"R4SBC","acres":0.0}},{"type":"Feature","geometry":{"type":"MultiPolygon","coordinates":[[[[-81.11232,32.3617],[-81.11202,32.36157],[-81.1116,32.36009],[-81.11054,32.36027],[-81.1108,32.36163],[-81.1107,32.36177],[-81.11033,32.36179],[-81.1095,32.36107],[-81.10811,32.36126],[-81.10801,32.35968],[-81.11096,32.35837],[-81.11241,32.35731],[-81.11633,32.35753],[-81.11232,32.3617]]],[[[-81.11703,32.3568],[-81.11693,32.35691],[-81.11701,32.35679],[-81.11703,32.3568]]]]},"properties":{"overlapId":"ov-desc-12-jasper-okatie-230-kv-2-construct--gpc-sertp26r-p53-sav-goshen-sav-mcintosh-115-kv","type":"Lake","attribute":"L1UBHx","acres":48.57}},{"type":"Feature","geometry":{"type":"Polygon","coordinates":[[[-81.08759,32.3581],[-81.08784,32.35807],[-81.08785,32.35793],[-81.08749,32.35742],[-81.08809,32.35755],[-81.08838,32.35783],[-81.0879,32.35848],[-81.08759,32.3581]]]},"properties":{"overlapId":"ov-desc-12-jasper-okatie-230-kv-2-construct--gpc-sertp26r-p53-sav-goshen-sav-mcintosh-115-kv","type":"Freshwater Emergent Wetland","attribute":"PEM1A","acres":1.06}},{"type":"Feature","geometry":{"type":"Polygon","coordinates":[[[-81.08882,32.35757],[-81.08898,32.35819],[-81.08861,32.3586],[-81.08805,32.35873],[-81.08882,32.35757]]]},"properties":{"overlapId":"ov-desc-12-jasper-okatie-230-kv-2-construct--gpc-sertp26r-p53-sav-goshen-sav-mcintosh-115-kv","type":"Freshwater Emergent Wetland","attribute":"PEM1A","acres":1.29}},{"type":"Feature","geometry":{"type":"Polygon","coordinates":[[[-81.08702,32.36125],[-81.08745,32.36118],[-81.08763,32.36129],[-81.08702,32.36125]]]},"properties":{"overlapId":"ov-desc-12-jasper-okatie-230-kv-2-construct--gpc-sertp26r-p53-sav-goshen-sav-mcintosh-115-kv","type":"Freshwater Emergent Wetland","attribute":"PEM1A","acres":0.12}},{"type":"Feature","geometry":{"type":"Polygon","coordinates":[[[-81.12336,32.36141],[-81.12478,32.3614],[-81.12455,32.36151],[-81.12456,32.36179],[-81.12349,32.36189],[-81.12336,32.36141]]]},"properties":{"overlapId":"ov-desc-12-jasper-okatie-230-kv-2-construct--gpc-sertp26r-p53-sav-goshen-sav-mcintosh-115-kv","type":"Freshwater Emergent Wetland","attribute":"PEM1Ad","acres":1.39}},{"type":"Feature","geometry":{"type":"Polygon","coordinates":[[[-81.15911,32.35474],[-81.15944,32.35544],[-81.15937,32.35566],[-81.15903,32.3548],[-81.15911,32.35474]]]},"properties":{"overlapId":"ov-desc-12-jasper-okatie-230-kv-2-construct--gpc-sertp26r-p53-sav-goshen-sav-mcintosh-115-kv","type":"Freshwater Emergent Wetland","attribute":"PEM1C","acres":0.32}},{"type":"Feature","geometry":{"type":"Polygon","coordinates":[[[-81.14422,32.35503],[-81.14477,32.35511],[-81.14477,32.35528],[-81.14394,32.35532],[-81.14422,32.35503]]]},"properties":{"overlapId":"ov-desc-12-jasper-okatie-230-kv-2-construct--gpc-sertp26r-p53-sav-goshen-sav-mcintosh-115-kv","type":"Freshwater Emergent Wetland","attribute":"PEM1C","acres":0.59}},{"type":"Feature","geometry":{"type":"Polygon","coordinates":[[[-81.14465,32.3562],[-81.14426,32.35636],[-81.14408,32.35622],[-81.1441,32.35596],[-81.14465,32.3562]]]},"properties":{"overlapId":"ov-desc-12-jasper-okatie-230-kv-2-construct--gpc-sertp26r-p53-sav-goshen-sav-mcintosh-115-kv","type":"Freshwater Emergent Wetland","attribute":"PEM1C","acres":0.3}},{"type":"Feature","geometry":{"type":"Polygon","coordinates":[[[-81.15938,32.35837],[-81.15938,32.35793],[-81.15978,32.35843],[-81.16007,32.35822],[-81.15984,32.35775],[-81.16017,32.35787],[-81.16026,32.35837],[-81.16007,32.35859],[-81.15968,32.35859],[-81.15947,32.3593],[-81.15925,32.35935],[-81.15927,32.35878],[-81.15956,32.35854],[-81.15938,32.35837]]]},"properties":{"overlapId":"ov-desc-12-jasper-okatie-230-kv-2-construct--gpc-sertp26r-p53-sav-goshen-sav-mcintosh-115-kv","type":"Freshwater Emergent Wetland","attribute":"PEM1C","acres":1.48}},{"type":"Feature","geometry":{"type":"Polygon","coordinates":[[[-81.14905,32.36387],[-81.14927,32.36088],[-81.14944,32.36069],[-81.14979,32.36065],[-81.14984,32.36033],[-81.15024,32.36054],[-81.15008,32.36081],[-81.14956,32.36096],[-81.14933,32.36166],[-81.1496,32.36211],[-81.14945,32.36209],[-81.14937,32.36381],[-81.14905,32.36387]]]},"properties":{"overlapId":"ov-desc-12-jasper-okatie-230-kv-2-construct--gpc-sertp26r-p53-sav-goshen-sav-mcintosh-115-kv","type":"Freshwater Emergent Wetland","attribute":"PEM1C","acres":2.81}},{"type":"Feature","geometry":{"type":"Polygon","coordinates":[[[-81.13906,32.36344],[-81.13988,32.36498],[-81.13974,32.36519],[-81.13959,32.36519],[-81.13899,32.36414],[-81.13921,32.36398],[-81.13906,32.36344]]]},"properties":{"overlapId":"ov-desc-12-jasper-okatie-230-kv-2-construct--gpc-sertp26r-p53-sav-goshen-sav-mcintosh-115-kv","type":"Freshwater Emergent Wetland","attribute":"PEM1C","acres":1.05}},{"type":"Feature","geometry":{"type":"Polygon","coordinates":[[[-81.13139,32.36433],[-81.13121,32.36433],[-81.13107,32.36455],[-81.13094,32.36408],[-81.13113,32.3634],[-81.13089,32.36326],[-81.13061,32.36352],[-81.13017,32.36361],[-81.1303,32.36339],[-81.13061,32.36331],[-81.1309,32.3628],[-81.13137,32.3628],[-81.13143,32.36222],[-81.13172,32.36242],[-81.13147,32.36281],[-81.13183,32.36353],[-81.1317,32.36464],[-81.13139,32.36433]]]},"properties":{"overlapId":"ov-desc-12-jasper-okatie-230-kv-2-construct--gpc-sertp26r-p53-sav-goshen-sav-mcintosh-115-kv","type":"Freshwater Emergent Wetland","attribute":"PEM1C","acres":3.79}},{"type":"Feature","geometry":{"type":"Polygon","coordinates":[[[-81.13044,32.36677],[-81.13095,32.36623],[-81.13097,32.36586],[-81.13066,32.36538],[-81.13117,32.36487],[-81.1315,32.36508],[-81.13131,32.36563],[-81.13158,32.36603],[-81.13162,32.3668],[-81.13136,32.36684],[-81.13096,32.3665],[-81.13078,32.36674],[-81.13093,32.36692],[-81.13069,32.36696],[-81.13044,32.36677]]]},"properties":{"overlapId":"ov-desc-12-jasper-okatie-230-kv-2-construct--gpc-sertp26r-p53-sav-goshen-sav-mcintosh-115-kv","type":"Freshwater Emergent Wetland","attribute":"PEM1C","acres":3.21}},{"type":"Feature","geometry":{"type":"MultiPolygon","coordinates":[[[[-81.1357,32.36578],[-81.13468,32.36385],[-81.13407,32.36219],[-81.13387,32.36135],[-81.13401,32.361],[-81.13353,32.36055],[-81.13276,32.35616],[-81.13242,32.35684],[-81.13233,32.3566],[-81.13242,32.3553],[-81.1326,32.35487],[-81.13292,32.35494],[-81.13278,32.35541],[-81.13287,32.35598],[-81.13355,32.35702],[-81.13373,32.35772],[-81.13392,32.35744],[-81.13394,32.358],[-81.13453,32.35889],[-81.13475,32.36002],[-81.13461,32.36089],[-81.13487,32.36116],[-81.13547,32.36341],[-81.13579,32.36359],[-81.13595,32.36395],[-81.13656,32.36429],[-81.13671,32.36458],[-81.13628,32.36472],[-81.13539,32.36388],[-81.13543,32.3644],[-81.13568,32.36468],[-81.13566,32.36526],[-81.13593,32.36574],[-81.13634,32.3658],[-81.13629,32.36602],[-81.13569,32.36612],[-81.1357,32.36578]]],[[[-81.13398,32.3664],[-81.13363,32.36571],[-81.13372,32.36527],[-81.13341,32.36488],[-81.13346,32.36458],[-81.1339,32.36439],[-81.13433,32.36483],[-81.13421,32.36505],[-81.13434,32.36634],[-81.13398,32.3664]]]]},"properties":{"overlapId":"ov-desc-12-jasper-okatie-230-kv-2-construct--gpc-sertp26r-p53-sav-goshen-sav-mcintosh-115-kv","type":"Freshwater Emergent Wetland","attribute":"PEM1C","acres":28.08}},{"type":"Feature","geometry":{"type":"Polygon","coordinates":[[[-81.12731,32.36753],[-81.12499,32.36722],[-81.12488,32.36701],[-81.12528,32.36665],[-81.12685,32.36682],[-81.1273,32.36737],[-81.12731,32.36753]]]},"properties":{"overlapId":"ov-desc-12-jasper-okatie-230-kv-2-construct--gpc-sertp26r-p53-sav-goshen-sav-mcintosh-115-kv","type":"Freshwater Emergent Wetland","attribute":"PEM1C","acres":3.33}},{"type":"Feature","geometry":{"type":"Polygon","coordinates":[[[-81.16114,32.36091],[-81.16084,32.36119],[-81.16039,32.36127],[-81.16088,32.36109],[-81.16114,32.36091]]]},"properties":{"overlapId":"ov-desc-12-jasper-okatie-230-kv-2-construct--gpc-sertp26r-p53-sav-goshen-sav-mcintosh-115-kv","type":"Freshwater Emergent Wetland","attribute":"PEM1Cx","acres":0.08}},{"type":"Feature","geometry":{"type":"Polygon","coordinates":[[[-81.16114,32.36091],[-81.16084,32.36119],[-81.16039,32.36127],[-81.16088,32.36109],[-81.16114,32.36091]]]},"properties":{"overlapId":"ov-desc-12-jasper-okatie-230-kv-2-construct--gpc-sertp26r-p53-sav-goshen-sav-mcintosh-115-kv","type":"Freshwater Emergent Wetland","attribute":"PEM1Cx","acres":0.08}},{"type":"Feature","geometry":{"type":"Polygon","coordinates":[[[-81.16128,32.36071],[-81.16083,32.36103],[-81.15964,32.36161],[-81.15988,32.36124],[-81.16028,32.36103],[-81.16068,32.36104],[-81.16128,32.36071]]]},"properties":{"overlapId":"ov-desc-12-jasper-okatie-230-kv-2-construct--gpc-sertp26r-p53-sav-goshen-sav-mcintosh-115-kv","type":"Freshwater Emergent Wetland","attribute":"PEM1Cx","acres":0.53}},{"type":"Feature","geometry":{"type":"Polygon","coordinates":[[[-81.16128,32.36071],[-81.16083,32.36103],[-81.15964,32.36161],[-81.15988,32.36124],[-81.16028,32.36103],[-81.16068,32.36104],[-81.16128,32.36071]]]},"properties":{"overlapId":"ov-desc-12-jasper-okatie-230-kv-2-construct--gpc-sertp26r-p53-sav-goshen-sav-mcintosh-115-kv","type":"Freshwater Emergent Wetland","attribute":"PEM1Cx","acres":0.53}},{"type":"Feature","geometry":{"type":"Polygon","coordinates":[[[-81.15942,32.36212],[-81.15995,32.36149],[-81.16033,32.36167],[-81.16092,32.36131],[-81.1615,32.36122],[-81.16179,32.3614],[-81.16067,32.36177],[-81.16052,32.36194],[-81.15942,32.36212]]]},"properties":{"overlapId":"ov-desc-12-jasper-okatie-230-kv-2-construct--gpc-sertp26r-p53-sav-goshen-sav-mcintosh-115-kv","type":"Freshwater Emergent Wetland","attribute":"PEM1Cx","acres":1.99}},{"type":"Feature","geometry":{"type":"Polygon","coordinates":[[[-81.15942,32.36212],[-81.15995,32.36149],[-81.16033,32.36167],[-81.16092,32.36131],[-81.1615,32.36122],[-81.16179,32.3614],[-81.16067,32.36177],[-81.16052,32.36194],[-81.15942,32.36212]]]},"properties":{"overlapId":"ov-desc-12-jasper-okatie-230-kv-2-construct--gpc-sertp26r-p53-sav-goshen-sav-mcintosh-115-kv","type":"Freshwater Emergent Wetland","attribute":"PEM1Cx","acres":1.99}},{"type":"Feature","geometry":{"type":"Polygon","coordinates":[[[-81.14148,32.35313],[-81.14213,32.35321],[-81.14181,32.35333],[-81.14148,32.35313]]]},"properties":{"overlapId":"ov-desc-12-jasper-okatie-230-kv-2-construct--gpc-sertp26r-p53-sav-goshen-sav-mcintosh-115-kv","type":"Freshwater Emergent Wetland","attribute":"PEM1F","acres":0.22}},{"type":"Feature","geometry":{"type":"Polygon","coordinates":[[[-81.15251,32.35553],[-81.15273,32.35543],[-81.15292,32.35559],[-81.15259,32.3557],[-81.15251,32.35553]]]},"properties":{"overlapId":"ov-desc-12-jasper-okatie-230-kv-2-construct--gpc-sertp26r-p53-sav-goshen-sav-mcintosh-115-kv","type":"Freshwater Emergent Wetland","attribute":"PEM1F","acres":0.21}},{"type":"Feature","geometry":{"type":"Polygon","coordinates":[[[-81.1283,32.35275],[-81.12923,32.35407],[-81.12883,32.35437],[-81.12837,32.35417],[-81.1283,32.35275]]]},"properties":{"overlapId":"ov-desc-12-jasper-okatie-230-kv-2-construct--gpc-sertp26r-p53-sav-goshen-sav-mcintosh-115-kv","type":"Freshwater Emergent Wetland","attribute":"PEM1F","acres":1.88}},{"type":"Feature","geometry":{"type":"Polygon","coordinates":[[[-81.14617,32.35609],[-81.14652,32.35639],[-81.14652,32.35698],[-81.14637,32.35711],[-81.14619,32.35708],[-81.14598,32.35627],[-81.14617,32.35609]]]},"properties":{"overlapId":"ov-desc-12-jasper-okatie-230-kv-2-construct--gpc-sertp26r-p53-sav-goshen-sav-mcintosh-115-kv","type":"Freshwater Emergent Wetland","attribute":"PEM1F","acres":0.97}},{"type":"Feature","geometry":{"type":"Polygon","coordinates":[[[-81.15889,32.36032],[-81.15907,32.36049],[-81.1593,32.3604],[-81.15978,32.35975],[-81.16001,32.3597],[-81.15999,32.35998],[-81.16083,32.35958],[-81.16112,32.36005],[-81.16044,32.36082],[-81.15933,32.36105],[-81.15864,32.36091],[-81.15853,32.3605],[-81.15889,32.36032]]]},"properties":{"overlapId":"ov-desc-12-jasper-okatie-230-kv-2-construct--gpc-sertp26r-p53-sav-goshen-sav-mcintosh-115-kv","type":"Freshwater Emergent Wetland","attribute":"PEM1F","acres":5.32}},{"type":"Feature","geometry":{"type":"Polygon","coordinates":[[[-81.12728,32.36753],[-81.12685,32.36682],[-81.12934,32.36718],[-81.12728,32.36753]]]},"properties":{"overlapId":"ov-desc-12-jasper-okatie-230-kv-2-construct--gpc-sertp26r-p53-sav-goshen-sav-mcintosh-115-kv","type":"Freshwater Emergent Wetland","attribute":"PEM1Fx","acres":2.24}},{"type":"Feature","geometry":{"type":"Polygon","coordinates":[[[-81.15067,32.3636],[-81.15035,32.36058],[-81.14969,32.36017],[-81.14959,32.35936],[-81.15058,32.35991],[-81.15114,32.3607],[-81.15116,32.36254],[-81.15083,32.36281],[-81.15067,32.3636]]]},"properties":{"overlapId":"ov-desc-12-jasper-okatie-230-kv-2-construct--gpc-sertp26r-p53-sav-goshen-sav-mcintosh-115-kv","type":"Freshwater Forested/Shrub Wetland","attribute":"PFO1/2F","acres":6.66}},{"type":"Feature","geometry":{"type":"Polygon","coordinates":[[[-81.15074,32.36358],[-81.15091,32.36283],[-81.15119,32.3626],[-81.15153,32.36345],[-81.15074,32.36358]]]},"properties":{"overlapId":"ov-desc-12-jasper-okatie-230-kv-2-construct--gpc-sertp26r-p53-sav-goshen-sav-mcintosh-115-kv","type":"Freshwater Forested/Shrub Wetland","attribute":"PFO1/2F","acres":1.16}},{"type":"Feature","geometry":{"type":"Polygon","coordinates":[[[-81.15162,32.36344],[-81.15124,32.36254],[-81.15121,32.36144],[-81.1515,32.36182],[-81.15207,32.36194],[-81.15222,32.3627],[-81.15269,32.36325],[-81.15162,32.36344]]]},"properties":{"overlapId":"ov-desc-12-jasper-okatie-230-kv-2-construct--gpc-sertp26r-p53-sav-goshen-sav-mcintosh-115-kv","type":"Freshwater Forested/Shrub Wetland","attribute":"PFO1/2F","acres":3.83}},{"type":"Feature","geometry":{"type":"Polygon","coordinates":[[[-81.12484,32.36789],[-81.12499,32.36722],[-81.12718,32.36755],[-81.12484,32.36789]]]},"properties":{"overlapId":"ov-desc-12-jasper-okatie-230-kv-2-construct--gpc-sertp26r-p53-sav-goshen-sav-mcintosh-115-kv","type":"Freshwater Forested/Shrub Wetland","attribute":"PFO1/4A","acres":2.33}},{"type":"Feature","geometry":{"type":"Polygon","coordinates":[[[-81.16052,32.36194],[-81.16082,32.36172],[-81.16088,32.36188],[-81.16052,32.36194]]]},"properties":{"overlapId":"ov-desc-12-jasper-okatie-230-kv-2-construct--gpc-sertp26r-p53-sav-goshen-sav-mcintosh-115-kv","type":"Freshwater Forested/Shrub Wetland","attribute":"PFO1/4C","acres":0.1}},{"type":"Feature","geometry":{"type":"Polygon","coordinates":[[[-81.16394,32.3605],[-81.16434,32.3606],[-81.16433,32.36083],[-81.16409,32.36095],[-81.16431,32.36114],[-81.16476,32.36089],[-81.16498,32.36047],[-81.16531,32.36024],[-81.16541,32.36111],[-81.16377,32.36139],[-81.16394,32.3605]]]},"properties":{"overlapId":"ov-desc-12-jasper-okatie-230-kv-2-construct--gpc-sertp26r-p53-sav-goshen-sav-mcintosh-115-kv","type":"Freshwater Forested/Shrub Wetland","attribute":"PFO1/4C","acres":2.14}},{"type":"Feature","geometry":{"type":"Polygon","coordinates":[[[-81.08497,32.35574],[-81.08702,32.35635],[-81.0873,32.35668],[-81.08784,32.35807],[-81.08759,32.3581],[-81.08672,32.35732],[-81.08473,32.35656],[-81.08303,32.35559],[-81.08497,32.35574]]]},"properties":{"overlapId":"ov-desc-12-jasper-okatie-230-kv-2-construct--gpc-sertp26r-p53-sav-goshen-sav-mcintosh-115-kv","type":"Freshwater Forested/Shrub Wetland","attribute":"PFO1/4C","acres":9.07}},{"type":"Feature","geometry":{"type":"Polygon","coordinates":[[[-81.05641,32.35853],[-81.05684,32.35895],[-81.05676,32.35916],[-81.0564,32.35929],[-81.05601,32.35891],[-81.05641,32.35853]]]},"properties":{"overlapId":"ov-desc-12-jasper-okatie-230-kv-2-construct--gpc-sertp26r-p53-sav-goshen-sav-mcintosh-115-kv","type":"Freshwater Forested/Shrub Wetland","attribute":"PFO1/4C","acres":0.99}},{"type":"Feature","geometry":{"type":"Polygon","coordinates":[[[-81.05729,32.35951],[-81.05753,32.35915],[-81.05791,32.35925],[-81.05767,32.35954],[-81.05729,32.35951]]]},"properties":{"overlapId":"ov-desc-12-jasper-okatie-230-kv-2-construct--gpc-sertp26r-p53-sav-goshen-sav-mcintosh-115-kv","type":"Freshwater Forested/Shrub Wetland","attribute":"PFO1/4C","acres":0.38}},{"type":"Feature","geometry":{"type":"MultiPolygon","coordinates":[[[[-81.07977,32.36083],[-81.07988,32.36049],[-81.07963,32.3604],[-81.07978,32.36025],[-81.08004,32.36027],[-81.08025,32.36055],[-81.08077,32.36057],[-81.08147,32.36083],[-81.08144,32.36093],[-81.07977,32.36083]]],[[[-81.07914,32.36072],[-81.07912,32.36079],[-81.07872,32.36077],[-81.07914,32.36072]]]]},"properties":{"overlapId":"ov-desc-12-jasper-okatie-230-kv-2-construct--gpc-sertp26r-p53-sav-goshen-sav-mcintosh-115-kv","type":"Freshwater Forested/Shrub Wetland","attribute":"PFO1/4C","acres":1.37}},{"type":"Feature","geometry":{"type":"Polygon","coordinates":[[[-81.06717,32.36004],[-81.06681,32.35937],[-81.06601,32.35865],[-81.06495,32.35848],[-81.06413,32.35811],[-81.06318,32.35798],[-81.06303,32.35767],[-81.06378,32.35742],[-81.06434,32.35759],[-81.06485,32.35745],[-81.06526,32.35714],[-81.06611,32.35706],[-81.06694,32.35813],[-81.06784,32.35863],[-81.06941,32.36022],[-81.06717,32.36004]]]},"properties":{"overlapId":"ov-desc-12-jasper-okatie-230-kv-2-construct--gpc-sertp26r-p53-sav-goshen-sav-mcintosh-115-kv","type":"Freshwater Forested/Shrub Wetland","attribute":"PFO1/4C","acres":17.32}},{"type":"Feature","geometry":{"type":"Polygon","coordinates":[[[-81.15476,32.34977],[-81.15468,32.34957],[-81.15489,32.34923],[-81.15476,32.34977]]]},"properties":{"overlapId":"ov-desc-12-jasper-okatie-230-kv-2-construct--gpc-sertp26r-p53-sav-goshen-sav-mcintosh-115-kv","type":"Freshwater Forested/Shrub Wetland","attribute":"PFO1A","acres":0.09}},{"type":"Feature","geometry":{"type":"MultiPolygon","coordinates":[[[[-81.15471,32.3482],[-81.15429,32.34978],[-81.15441,32.35007],[-81.15473,32.35021],[-81.15489,32.35103],[-81.15456,32.35179],[-81.15427,32.35191],[-81.15361,32.35171],[-81.15365,32.35098],[-81.15346,32.35085],[-81.15202,32.35075],[-81.15131,32.35045],[-81.15111,32.35019],[-81.15136,32.34983],[-81.15129,32.34952],[-81.15193,32.349],[-81.15242,32.34899],[-81.15265,32.34876],[-81.15317,32.34867],[-81.15327,32.34844],[-81.15471,32.3482]]],[[[-81.15004,32.34899],[-81.14962,32.34916],[-81.14945,32.34935],[-81.14928,32.34917],[-81.1489,32.34943],[-81.14935,32.34996],[-81.14965,32.35007],[-81.14892,32.35016],[-81.14873,32.35034],[-81.14872,32.35063],[-81.1479,32.35028],[-81.14734,32.35048],[-81.14789,32.34979],[-81.14802,32.34933],[-81.15004,32.34899]]]]},"properties":{"overlapId":"ov-desc-12-jasper-okatie-230-kv-2-construct--gpc-sertp26r-p53-sav-goshen-sav-mcintosh-115-kv","type":"Freshwater Forested/Shrub Wetland","attribute":"PFO1A","acres":24.88}},{"type":"Feature","geometry":{"type":"Polygon","coordinates":[[[-81.14647,32.35117],[-81.14663,32.35162],[-81.14647,32.35133],[-81.14647,32.35117]]]},"properties":{"overlapId":"ov-desc-12-jasper-okatie-230-kv-2-construct--gpc-sertp26r-p53-sav-goshen-sav-mcintosh-115-kv","type":"Freshwater Forested/Shrub Wetland","attribute":"PFO1A","acres":0.03}},{"type":"Feature","geometry":{"type":"Polygon","coordinates":[[[-81.1532,32.35458],[-81.15361,32.35178],[-81.15426,32.35198],[-81.1545,32.35191],[-81.15493,32.35132],[-81.1554,32.35177],[-81.15669,32.3519],[-81.15694,32.35147],[-81.15725,32.3514],[-81.15755,32.35187],[-81.15747,32.35202],[-81.1554,32.35288],[-81.15333,32.3546],[-81.1532,32.35458]]]},"properties":{"overlapId":"ov-desc-12-jasper-okatie-230-kv-2-construct--gpc-sertp26r-p53-sav-goshen-sav-mcintosh-115-kv","type":"Freshwater Forested/Shrub Wetland","attribute":"PFO1A","acres":13.76}},{"type":"Feature","geometry":{"type":"Polygon","coordinates":[[[-81.15357,32.35575],[-81.1538,32.35582],[-81.15383,32.35601],[-81.15341,32.35633],[-81.15285,32.35634],[-81.15289,32.35603],[-81.15357,32.35575]]]},"properties":{"overlapId":"ov-desc-12-jasper-okatie-230-kv-2-construct--gpc-sertp26r-p53-sav-goshen-sav-mcintosh-115-kv","type":"Freshwater Forested/Shrub Wetland","attribute":"PFO1A","acres":0.93}},{"type":"Feature","geometry":{"type":"Polygon","coordinates":[[[-81.1369,32.35557],[-81.13675,32.35579],[-81.13689,32.35644],[-81.13672,32.35672],[-81.13647,32.35489],[-81.1372,32.35491],[-81.13759,32.35529],[-81.13786,32.35596],[-81.13783,32.35647],[-81.13754,32.35704],[-81.13729,32.35695],[-81.1369,32.35557]]]},"properties":{"overlapId":"ov-desc-12-jasper-okatie-230-kv-2-construct--gpc-sertp26r-p53-sav-goshen-sav-mcintosh-115-kv","type":"Freshwater Forested/Shrub Wetland","attribute":"PFO1A","acres":4.55}},{"type":"Feature","geometry":{"type":"Polygon","coordinates":[[[-81.15056,32.35852],[-81.15063,32.35872],[-81.15038,32.35886],[-81.15034,32.3587],[-81.15056,32.35852]]]},"properties":{"overlapId":"ov-desc-12-jasper-okatie-230-kv-2-construct--gpc-sertp26r-p53-sav-goshen-sav-mcintosh-115-kv","type":"Freshwater Forested/Shrub Wetland","attribute":"PFO1A","acres":0.16}},{"type":"Feature","geometry":{"type":"Polygon","coordinates":[[[-81.13448,32.35587],[-81.13422,32.35584],[-81.13348,32.35496],[-81.1363,32.35497],[-81.13666,32.3577],[-81.13642,32.35776],[-81.13572,32.3567],[-81.13448,32.35587]]]},"properties":{"overlapId":"ov-desc-12-jasper-okatie-230-kv-2-construct--gpc-sertp26r-p53-sav-goshen-sav-mcintosh-115-kv","type":"Freshwater Forested/Shrub Wetland","attribute":"PFO1A","acres":10.37}},{"type":"Feature","geometry":{"type":"Polygon","coordinates":[[[-81.12764,32.35579],[-81.12766,32.35546],[-81.12815,32.35567],[-81.12838,32.35562],[-81.12875,32.35626],[-81.12876,32.3569],[-81.12764,32.35579]]]},"properties":{"overlapId":"ov-desc-12-jasper-okatie-230-kv-2-construct--gpc-sertp26r-p53-sav-goshen-sav-mcintosh-115-kv","type":"Freshwater Forested/Shrub Wetland","attribute":"PFO1A","acres":1.66}},{"type":"Feature","geometry":{"type":"Polygon","coordinates":[[[-81.12766,32.36071],[-81.12783,32.36087],[-81.12768,32.36178],[-81.12733,32.36186],[-81.12709,32.36168],[-81.12713,32.36094],[-81.12736,32.36072],[-81.12766,32.36071]]]},"properties":{"overlapId":"ov-desc-12-jasper-okatie-230-kv-2-construct--gpc-sertp26r-p53-sav-goshen-sav-mcintosh-115-kv","type":"Freshwater Forested/Shrub Wetland","attribute":"PFO1A","acres":1.79}},{"type":"Feature","geometry":{"type":"Polygon","coordinates":[[[-81.09632,32.35802],[-81.09625,32.35817],[-81.09576,32.35815],[-81.09576,32.35796],[-81.09611,32.3579],[-81.09632,32.35802]]]},"properties":{"overlapId":"ov-desc-12-jasper-okatie-230-kv-2-construct--gpc-sertp26r-p53-sav-goshen-sav-mcintosh-115-kv","type":"Freshwater Forested/Shrub Wetland","attribute":"PFO1A","acres":0.34}},{"type":"Feature","geometry":{"type":"Polygon","coordinates":[[[-81.11826,32.361],[-81.12171,32.3609],[-81.12171,32.36158],[-81.12096,32.36137],[-81.12035,32.36146],[-81.11943,32.36111],[-81.11904,32.3611],[-81.11864,32.36129],[-81.11837,32.36122],[-81.11826,32.361]]]},"properties":{"overlapId":"ov-desc-12-jasper-okatie-230-kv-2-construct--gpc-sertp26r-p53-sav-goshen-sav-mcintosh-115-kv","type":"Freshwater Forested/Shrub Wetland","attribute":"PFO1A","acres":3.41}},{"type":"Feature","geometry":{"type":"Polygon","coordinates":[[[-81.11479,32.36149],[-81.11587,32.36097],[-81.11694,32.36087],[-81.1185,32.36048],[-81.11902,32.36083],[-81.11962,32.36076],[-81.11983,32.36088],[-81.11804,32.36084],[-81.11649,32.36099],[-81.11531,32.36124],[-81.11461,32.36168],[-81.11383,32.3617],[-81.11396,32.36157],[-81.11479,32.36149]]]},"properties":{"overlapId":"ov-desc-12-jasper-okatie-230-kv-2-construct--gpc-sertp26r-p53-sav-goshen-sav-mcintosh-115-kv","type":"Freshwater Forested/Shrub Wetland","attribute":"PFO1A","acres":2.43}},{"type":"Feature","geometry":{"type":"Polygon","coordinates":[[[-81.11372,32.3617],[-81.11357,32.3617],[-81.11382,32.36157],[-81.11372,32.3617]]]},"properties":{"overlapId":"ov-desc-12-jasper-okatie-230-kv-2-construct--gpc-sertp26r-p53-sav-goshen-sav-mcintosh-115-kv","type":"Freshwater Forested/Shrub Wetland","attribute":"PFO1A","acres":0.04}},{"type":"Feature","geometry":{"type":"Polygon","coordinates":[[[-81.11463,32.36175],[-81.11535,32.36131],[-81.11708,32.36104],[-81.11665,32.36114],[-81.11642,32.36137],[-81.11527,32.3615],[-81.11489,32.36177],[-81.11369,32.36184],[-81.11463,32.36175]]]},"properties":{"overlapId":"ov-desc-12-jasper-okatie-230-kv-2-construct--gpc-sertp26r-p53-sav-goshen-sav-mcintosh-115-kv","type":"Freshwater Forested/Shrub Wetland","attribute":"PFO1A","acres":1.14}},{"type":"Feature","geometry":{"type":"Polygon","coordinates":[[[-81.11365,32.36177],[-81.11352,32.36186],[-81.11353,32.36177],[-81.11365,32.36177]]]},"properties":{"overlapId":"ov-desc-12-jasper-okatie-230-kv-2-construct--gpc-sertp26r-p53-sav-goshen-sav-mcintosh-115-kv","type":"Freshwater Forested/Shrub Wetland","attribute":"PFO1A","acres":0.01}},{"type":"Feature","geometry":{"type":"Polygon","coordinates":[[[-81.11115,32.36158],[-81.11149,32.3617],[-81.11167,32.3619],[-81.11083,32.36202],[-81.11099,32.36198],[-81.11093,32.36177],[-81.11115,32.36158]]]},"properties":{"overlapId":"ov-desc-12-jasper-okatie-230-kv-2-construct--gpc-sertp26r-p53-sav-goshen-sav-mcintosh-115-kv","type":"Freshwater Forested/Shrub Wetland","attribute":"PFO1A","acres":0.51}},{"type":"Feature","geometry":{"type":"Polygon","coordinates":[[[-81.04271,32.35323],[-81.04254,32.35367],[-81.04243,32.35362],[-81.04254,32.35322],[-81.04271,32.35323]]]},"properties":{"overlapId":"ov-desc-12-jasper-okatie-230-kv-2-construct--gpc-sertp26r-p53-sav-goshen-sav-mcintosh-115-kv","type":"Freshwater Forested/Shrub Wetland","attribute":"PFO1A","acres":0.17}},{"type":"Feature","geometry":{"type":"MultiPolygon","coordinates":[[[[-81.05407,32.35397],[-81.05263,32.35472],[-81.05188,32.35494],[-81.05043,32.35465],[-81.05007,32.35434],[-81.04979,32.35449],[-81.04871,32.35435],[-81.04798,32.35411],[-81.0478,32.35381],[-81.04726,32.35375],[-81.0465,32.35421],[-81.04591,32.35408],[-81.04637,32.35399],[-81.04667,32.35347],[-81.04696,32.35348],[-81.04704,32.35376],[-81.04712,32.35366],[-81.04778,32.35368],[-81.04778,32.35353],[-81.0482,32.35356],[-81.04828,32.3538],[-81.04868,32.35385],[-81.04886,32.35359],[-81.05,32.35366],[-81.05084,32.35421],[-81.05215,32.35445],[-81.05324,32.35385],[-81.0545,32.35392],[-81.05407,32.35397]]],[[[-81.05692,32.3544],[-81.05788,32.35459],[-81.05785,32.3547],[-81.05734,32.35486],[-81.05723,32.35519],[-81.05696,32.35519],[-81.05656,32.35452],[-81.0556,32.35399],[-81.05654,32.35404],[-81.05692,32.3544]]]]},"properties":{"overlapId":"ov-desc-12-jasper-okatie-230-kv-2-construct--gpc-sertp26r-p53-sav-goshen-sav-mcintosh-115-kv","type":"Freshwater Forested/Shrub Wetland","attribute":"PFO1A","acres":12.04}},{"type":"Feature","geometry":{"type":"Polygon","coordinates":[[[-81.10778,32.36246],[-81.10657,32.36191],[-81.10659,32.36154],[-81.106,32.36139],[-81.10539,32.36163],[-81.10525,32.36123],[-81.10535,32.36067],[-81.10603,32.36021],[-81.10644,32.3603],[-81.10647,32.35993],[-81.10631,32.35972],[-81.10646,32.35952],[-81.10686,32.35948],[-81.10725,32.35892],[-81.10759,32.35923],[-81.10734,32.36005],[-81.10755,32.36044],[-81.10727,32.36098],[-81.10727,32.36142],[-81.10751,32.36172],[-81.10831,32.36191],[-81.10962,32.3616],[-81.11029,32.36209],[-81.10916,32.36223],[-81.10898,32.36205],[-81.10878,32.3624],[-81.10866,32.36226],[-81.10778,32.36246]]]},"properties":{"overlapId":"ov-desc-12-jasper-okatie-230-kv-2-construct--gpc-sertp26r-p53-sav-goshen-sav-mcintosh-115-kv","type":"Freshwater Forested/Shrub Wetland","attribute":"PFO1A","acres":13.43}},{"type":"Feature","geometry":{"type":"Polygon","coordinates":[[[-81.12674,32.36319],[-81.12708,32.36341],[-81.12735,32.36397],[-81.12753,32.36521],[-81.12735,32.36537],[-81.12733,32.36489],[-81.12683,32.36397],[-81.12674,32.36319]]]},"properties":{"overlapId":"ov-desc-12-jasper-okatie-230-kv-2-construct--gpc-sertp26r-p53-sav-goshen-sav-mcintosh-115-kv","type":"Freshwater Forested/Shrub Wetland","attribute":"PFO1A","acres":1.85}},{"type":"Feature","geometry":{"type":"Polygon","coordinates":[[[-81.10939,32.36256],[-81.1093,32.36229],[-81.11169,32.36197],[-81.11164,32.36244],[-81.11114,32.36263],[-81.10939,32.36256]]]},"properties":{"overlapId":"ov-desc-12-jasper-okatie-230-kv-2-construct--gpc-sertp26r-p53-sav-goshen-sav-mcintosh-115-kv","type":"Freshwater Forested/Shrub Wetland","attribute":"PFO1A","acres":2.8}},{"type":"Feature","geometry":{"type":"Polygon","coordinates":[[[-81.08956,32.3609],[-81.08956,32.36036],[-81.08917,32.35998],[-81.08909,32.35948],[-81.08801,32.35881],[-81.08861,32.3586],[-81.08898,32.35819],[-81.08953,32.35895],[-81.09019,32.36036],[-81.09019,32.36081],[-81.08987,32.36095],[-81.09016,32.36144],[-81.08993,32.36142],[-81.08956,32.3609]]]},"properties":{"overlapId":"ov-desc-12-jasper-okatie-230-kv-2-construct--gpc-sertp26r-p53-sav-goshen-sav-mcintosh-115-kv","type":"Freshwater Forested/Shrub Wetland","attribute":"PFO1A","acres":5.47}},{"type":"Feature","geometry":{"type":"Polygon","coordinates":[[[-81.11933,32.36282],[-81.12024,32.36374],[-81.12097,32.36396],[-81.1208,32.36483],[-81.12115,32.36591],[-81.12025,32.36482],[-81.12013,32.36416],[-81.11906,32.36311],[-81.11904,32.36283],[-81.11933,32.36282]]]},"properties":{"overlapId":"ov-desc-12-jasper-okatie-230-kv-2-construct--gpc-sertp26r-p53-sav-goshen-sav-mcintosh-115-kv","type":"Freshwater Forested/Shrub Wetland","attribute":"PFO1A","acres":3.87}},{"type":"Feature","geometry":{"type":"Polygon","coordinates":[[[-81.12716,32.36683],[-81.12723,32.36634],[-81.12754,32.36586],[-81.12815,32.3658],[-81.12859,32.3661],[-81.12837,32.36702],[-81.12716,32.36683]]]},"properties":{"overlapId":"ov-desc-12-jasper-okatie-230-kv-2-construct--gpc-sertp26r-p53-sav-goshen-sav-mcintosh-115-kv","type":"Freshwater Forested/Shrub Wetland","attribute":"PFO1A","acres":3.34}},{"type":"Feature","geometry":{"type":"Polygon","coordinates":[[[-81.06008,32.35724],[-81.06033,32.35686],[-81.06087,32.35658],[-81.06182,32.35694],[-81.06199,32.35743],[-81.06181,32.35773],[-81.06156,32.35748],[-81.06162,32.35714],[-81.06134,32.3569],[-81.06056,32.35686],[-81.06071,32.35738],[-81.06129,32.35765],[-81.0616,32.35797],[-81.06154,32.35831],[-81.06107,32.35864],[-81.06067,32.35859],[-81.06035,32.35825],[-81.06008,32.35724]]]},"properties":{"overlapId":"ov-desc-12-jasper-okatie-230-kv-2-construct--gpc-sertp26r-p53-sav-goshen-sav-mcintosh-115-kv","type":"Freshwater Forested/Shrub Wetland","attribute":"PFO1A","acres":5.01}},{"type":"Feature","geometry":{"type":"Polygon","coordinates":[[[-81.04548,32.35588],[-81.04567,32.35548],[-81.04655,32.35539],[-81.04726,32.35474],[-81.04961,32.35506],[-81.04947,32.35522],[-81.04906,32.35516],[-81.04898,32.35536],[-81.04764,32.35521],[-81.04716,32.35539],[-81.04684,32.35613],[-81.0463,32.35608],[-81.04616,32.35685],[-81.04587,32.3568],[-81.04572,32.35614],[-81.04548,32.35588]]]},"properties":{"overlapId":"ov-desc-12-jasper-okatie-230-kv-2-construct--gpc-sertp26r-p53-sav-goshen-sav-mcintosh-115-kv","type":"Freshwater Forested/Shrub Wetland","attribute":"PFO1A","acres":6.09}},{"type":"Feature","geometry":{"type":"Polygon","coordinates":[[[-81.07932,32.36058],[-81.07915,32.36029],[-81.07924,32.35997],[-81.0795,32.3599],[-81.07984,32.36025],[-81.07963,32.3604],[-81.07988,32.36049],[-81.0799,32.36071],[-81.07977,32.36083],[-81.0791,32.36079],[-81.07932,32.36058]]]},"properties":{"overlapId":"ov-desc-12-jasper-okatie-230-kv-2-construct--gpc-sertp26r-p53-sav-goshen-sav-mcintosh-115-kv","type":"Freshwater Forested/Shrub Wetland","attribute":"PFO1A","acres":1.28}},{"type":"Feature","geometry":{"type":"MultiPolygon","coordinates":[[[[-81.06922,32.36013],[-81.06784,32.35863],[-81.06694,32.35813],[-81.06611,32.35706],[-81.06526,32.35714],[-81.06485,32.35745],[-81.06434,32.35759],[-81.06365,32.35745],[-81.06298,32.3578],[-81.06318,32.35798],[-81.06413,32.35811],[-81.06495,32.35848],[-81.06601,32.35865],[-81.06681,32.35937],[-81.06729,32.3601],[-81.06592,32.3598],[-81.06602,32.35932],[-81.06586,32.35902],[-81.06498,32.35883],[-81.06407,32.35837],[-81.06367,32.35837],[-81.06315,32.35863],[-81.06279,32.35832],[-81.06268,32.35846],[-81.06226,32.35848],[-81.06266,32.35792],[-81.06281,32.35724],[-81.06286,32.35652],[-81.06263,32.35612],[-81.06164,32.35587],[-81.06106,32.35611],[-81.06094,32.35631],[-81.0598,32.3565],[-81.05945,32.35681],[-81.05914,32.35665],[-81.05853,32.35674],[-81.05788,32.35663],[-81.05749,32.35632],[-81.05726,32.35581],[-81.05733,32.35548],[-81.05764,32.3557],[-81.05831,32.35578],[-81.05859,32.35616],[-81.05914,32.35646],[-81.0598,32.35642],[-81.06012,32.35595],[-81.06068,32.35598],[-81.06071,32.35546],[-81.06108,32.35556],[-81.06127,32.35516],[-81.06118,32.35457],[-81.06147,32.35433],[-81.06179,32.35435],[-81.06175,32.35483],[-81.06138,32.35477],[-81.06164,32.35514],[-81.06186,32.35517],[-81.0622,32.35492],[-81.06272,32.35506],[-81.06301,32.35456],[-81.0631,32.35483],[-81.06383,32.35498],[-81.06443,32.35538],[-81.06599,32.35565],[-81.06658,32.35678],[-81.06762,32.35681],[-81.06755,32.35573],[-81.06725,32.35497],[-81.06732,32.35468],[-81.06787,32.35471],[-81.06826,32.35576],[-81.06825,32.35671],[-81.06784,32.35694],[-81.06787,32.35833],[-81.06841,32.35871],[-81.069,32.35956],[-81.0711,32.3596],[-81.07145,32.35975],[-81.07169,32.36027],[-81.07196,32.36037],[-81.06922,32.36013]]],[[[-81.07219,32.36037],[-81.07249,32.36],[-81.073,32.36001],[-81.07302,32.36043],[-81.07219,32.36037]]]]},"properties":{"overlapId":"ov-desc-12-jasper-okatie-230-kv-2-construct--gpc-sertp26r-p53-sav-goshen-sav-mcintosh-115-kv","type":"Freshwater Forested/Shrub Wetland","attribute":"PFO1A","acres":51.29}},{"type":"Feature","geometry":{"type":"Polygon","coordinates":[[[-81.15326,32.3486],[-81.15265,32.34876],[-81.15242,32.34899],[-81.15193,32.349],[-81.15157,32.34927],[-81.15126,32.34958],[-81.15136,32.34983],[-81.15111,32.35019],[-81.15136,32.35044],[-81.14935,32.34996],[-81.14891,32.34955],[-81.14928,32.34917],[-81.14945,32.34935],[-81.15004,32.34899],[-81.15327,32.34844],[-81.15326,32.3486]]]},"properties":{"overlapId":"ov-desc-12-jasper-okatie-230-kv-2-construct--gpc-sertp26r-p53-sav-goshen-sav-mcintosh-115-kv","type":"Freshwater Forested/Shrub Wetland","attribute":"PFO1C","acres":8.46}},{"type":"Feature","geometry":{"type":"Polygon","coordinates":[[[-81.15473,32.35021],[-81.15511,32.35025],[-81.15547,32.35051],[-81.15489,32.35103],[-81.15473,32.35021]]]},"properties":{"overlapId":"ov-desc-12-jasper-okatie-230-kv-2-construct--gpc-sertp26r-p53-sav-goshen-sav-mcintosh-115-kv","type":"Freshwater Forested/Shrub Wetland","attribute":"PFO1C","acres":0.82}},{"type":"Feature","geometry":{"type":"Polygon","coordinates":[[[-81.15762,32.35191],[-81.15724,32.35144],[-81.15741,32.35093],[-81.15766,32.35094],[-81.15792,32.35116],[-81.15786,32.35154],[-81.15841,32.3517],[-81.15899,32.35261],[-81.15847,32.35226],[-81.15843,32.35207],[-81.15762,32.35191]]]},"properties":{"overlapId":"ov-desc-12-jasper-okatie-230-kv-2-construct--gpc-sertp26r-p53-sav-goshen-sav-mcintosh-115-kv","type":"Freshwater Forested/Shrub Wetland","attribute":"PFO1C","acres":2.24}},{"type":"Feature","geometry":{"type":"Polygon","coordinates":[[[-81.14672,32.35166],[-81.14673,32.35166],[-81.14672,32.35167],[-81.14672,32.35166]]]},"properties":{"overlapId":"ov-desc-12-jasper-okatie-230-kv-2-construct--gpc-sertp26r-p53-sav-goshen-sav-mcintosh-115-kv","type":"Freshwater Forested/Shrub Wetland","attribute":"PFO1C","acres":0.0}},{"type":"Feature","geometry":{"type":"Polygon","coordinates":[[[-81.13483,32.35155],[-81.13569,32.35369],[-81.13556,32.35381],[-81.13357,32.3538],[-81.13339,32.35306],[-81.13348,32.35177],[-81.13483,32.35155]]]},"properties":{"overlapId":"ov-desc-12-jasper-okatie-230-kv-2-construct--gpc-sertp26r-p53-sav-goshen-sav-mcintosh-115-kv","type":"Freshwater Forested/Shrub Wetland","attribute":"PFO1C","acres":10.3}},{"type":"Feature","geometry":{"type":"Polygon","coordinates":[[[-81.14438,32.3538],[-81.14389,32.35372],[-81.14429,32.35339],[-81.14475,32.35332],[-81.14547,32.35413],[-81.14736,32.35574],[-81.14746,32.35613],[-81.14716,32.35699],[-81.14739,32.35787],[-81.14837,32.35883],[-81.14959,32.35936],[-81.1496,32.35998],[-81.14826,32.35942],[-81.1474,32.35869],[-81.14662,32.35715],[-81.14691,32.35617],[-81.14505,32.35429],[-81.14438,32.3538]]]},"properties":{"overlapId":"ov-desc-12-jasper-okatie-230-kv-2-construct--gpc-sertp26r-p53-sav-goshen-sav-mcintosh-115-kv","type":"Freshwater Forested/Shrub Wetland","attribute":"PFO1C","acres":12.38}},{"type":"Feature","geometry":{"type":"Polygon","coordinates":[[[-81.13448,32.35587],[-81.13599,32.357],[-81.13613,32.35808],[-81.13582,32.35822],[-81.13507,32.35707],[-81.13434,32.3564],[-81.13426,32.35584],[-81.13448,32.35587]]]},"properties":{"overlapId":"ov-desc-12-jasper-okatie-230-kv-2-construct--gpc-sertp26r-p53-sav-goshen-sav-mcintosh-115-kv","type":"Freshwater Forested/Shrub Wetland","attribute":"PFO1C","acres":4.38}},{"type":"Feature","geometry":{"type":"Polygon","coordinates":[[[-81.15091,32.36016],[-81.15109,32.36042],[-81.15099,32.36028],[-81.15091,32.36016]]]},"properties":{"overlapId":"ov-desc-12-jasper-okatie-230-kv-2-construct--gpc-sertp26r-p53-sav-goshen-sav-mcintosh-115-kv","type":"Freshwater Forested/Shrub Wetland","attribute":"PFO1C","acres":0.0}},{"type":"Feature","geometry":{"type":"Polygon","coordinates":[[[-81.15116,32.36056],[-81.15124,32.36082],[-81.1512,32.36077],[-81.15116,32.36056]]]},"properties":{"overlapId":"ov-desc-12-jasper-okatie-230-kv-2-construct--gpc-sertp26r-p53-sav-goshen-sav-mcintosh-115-kv","type":"Freshwater Forested/Shrub Wetland","attribute":"PFO1C","acres":0.01}},{"type":"Feature","geometry":{"type":"Polygon","coordinates":[[[-81.15968,32.36146],[-81.15971,32.36159],[-81.15916,32.3619],[-81.15916,32.36174],[-81.15968,32.36146]]]},"properties":{"overlapId":"ov-desc-12-jasper-okatie-230-kv-2-construct--gpc-sertp26r-p53-sav-goshen-sav-mcintosh-115-kv","type":"Freshwater Forested/Shrub Wetland","attribute":"PFO1C","acres":0.17}},{"type":"Feature","geometry":{"type":"Polygon","coordinates":[[[-81.15971,32.36168],[-81.15943,32.36202],[-81.15931,32.36206],[-81.15923,32.36198],[-81.15971,32.36168]]]},"properties":{"overlapId":"ov-desc-12-jasper-okatie-230-kv-2-construct--gpc-sertp26r-p53-sav-goshen-sav-mcintosh-115-kv","type":"Freshwater Forested/Shrub Wetland","attribute":"PFO1C","acres":0.14}},{"type":"Feature","geometry":{"type":"Polygon","coordinates":[[[-81.15913,32.36208],[-81.15916,32.36205],[-81.15912,32.36217],[-81.15913,32.36208]]]},"properties":{"overlapId":"ov-desc-12-jasper-okatie-230-kv-2-construct--gpc-sertp26r-p53-sav-goshen-sav-mcintosh-115-kv","type":"Freshwater Forested/Shrub Wetland","attribute":"PFO1C","acres":0.0}},{"type":"Feature","geometry":{"type":"Polygon","coordinates":[[[-81.15121,32.36144],[-81.15126,32.36059],[-81.15086,32.35997],[-81.15005,32.35927],[-81.15015,32.35905],[-81.1508,32.35915],[-81.15119,32.35956],[-81.15207,32.36194],[-81.1515,32.36182],[-81.15121,32.36144]]]},"properties":{"overlapId":"ov-desc-12-jasper-okatie-230-kv-2-construct--gpc-sertp26r-p53-sav-goshen-sav-mcintosh-115-kv","type":"Freshwater Forested/Shrub Wetland","attribute":"PFO1C","acres":4.09}},{"type":"Feature","geometry":{"type":"Polygon","coordinates":[[[-81.1369,32.36029],[-81.13648,32.35999],[-81.13612,32.35937],[-81.13586,32.35829],[-81.13623,32.35824],[-81.13658,32.35921],[-81.13696,32.35955],[-81.1373,32.35865],[-81.13788,32.3578],[-81.13788,32.35745],[-81.13766,32.35759],[-81.13676,32.35735],[-81.13682,32.3556],[-81.13729,32.35695],[-81.13754,32.35704],[-81.13783,32.35647],[-81.13786,32.35596],[-81.13759,32.35529],[-81.1372,32.35491],[-81.13825,32.35489],[-81.13846,32.35471],[-81.13819,32.35426],[-81.13816,32.35383],[-81.13781,32.3537],[-81.13767,32.35324],[-81.13848,32.35368],[-81.13848,32.35418],[-81.13868,32.35459],[-81.13803,32.35838],[-81.13761,32.35893],[-81.1373,32.36025],[-81.1369,32.36029]]]},"properties":{"overlapId":"ov-desc-12-jasper-okatie-230-kv-2-construct--gpc-sertp26r-p53-sav-goshen-sav-mcintosh-115-kv","type":"Freshwater Forested/Shrub Wetland","attribute":"PFO1C","acres":14.12}},{"type":"Feature","geometry":{"type":"Polygon","coordinates":[[[-81.16082,32.36172],[-81.16356,32.36089],[-81.16347,32.36144],[-81.16088,32.36188],[-81.16082,32.36172]]]},"properties":{"overlapId":"ov-desc-12-jasper-okatie-230-kv-2-construct--gpc-sertp26r-p53-sav-goshen-sav-mcintosh-115-kv","type":"Freshwater Forested/Shrub Wetland","attribute":"PFO1C","acres":2.4}},{"type":"Feature","geometry":{"type":"Polygon","coordinates":[[[-81.15521,32.3624],[-81.15599,32.36266],[-81.15653,32.36254],[-81.15731,32.36172],[-81.15791,32.36148],[-81.15835,32.3616],[-81.15852,32.36187],[-81.15909,32.362],[-81.15908,32.36218],[-81.15552,32.36278],[-81.15521,32.3624]]]},"properties":{"overlapId":"ov-desc-12-jasper-okatie-230-kv-2-construct--gpc-sertp26r-p53-sav-goshen-sav-mcintosh-115-kv","type":"Freshwater Forested/Shrub Wetland","attribute":"PFO1C","acres":4.08}},{"type":"Feature","geometry":{"type":"Polygon","coordinates":[[[-81.15312,32.36318],[-81.15197,32.36011],[-81.15164,32.35961],[-81.15217,32.35909],[-81.15244,32.35902],[-81.15288,32.35941],[-81.15362,32.3595],[-81.15421,32.36174],[-81.15501,32.3623],[-81.15542,32.36279],[-81.15312,32.36318]]]},"properties":{"overlapId":"ov-desc-12-jasper-okatie-230-kv-2-construct--gpc-sertp26r-p53-sav-goshen-sav-mcintosh-115-kv","type":"Freshwater Forested/Shrub Wetland","attribute":"PFO1C","acres":18.63}},{"type":"Feature","geometry":{"type":"Polygon","coordinates":[[[-81.14329,32.36234],[-81.14242,32.36176],[-81.14199,32.36058],[-81.14104,32.3593],[-81.14068,32.35899],[-81.14018,32.35906],[-81.14001,32.35896],[-81.13964,32.35696],[-81.13942,32.35654],[-81.13966,32.35667],[-81.13982,32.35656],[-81.1402,32.358],[-81.14049,32.35835],[-81.14275,32.3602],[-81.14321,32.36155],[-81.14391,32.36226],[-81.14439,32.36371],[-81.14421,32.3638],[-81.14392,32.36363],[-81.14369,32.36286],[-81.14329,32.36234]]]},"properties":{"overlapId":"ov-desc-12-jasper-okatie-230-kv-2-construct--gpc-sertp26r-p53-sav-goshen-sav-mcintosh-115-kv","type":"Freshwater Forested/Shrub Wetland","attribute":"PFO1C","acres":12.11}},{"type":"Feature","geometry":{"type":"Polygon","coordinates":[[[-81.0915,32.35663],[-81.09145,32.35692],[-81.09082,32.35692],[-81.09098,32.35659],[-81.0915,32.35663]]]},"properties":{"overlapId":"ov-desc-12-jasper-okatie-230-kv-2-construct--gpc-sertp26r-p53-sav-goshen-sav-mcintosh-115-kv","type":"Freshwater Forested/Shrub Wetland","attribute":"PFO1C","acres":0.52}},{"type":"Feature","geometry":{"type":"Polygon","coordinates":[[[-81.12455,32.36176],[-81.12455,32.36151],[-81.12474,32.36142],[-81.1257,32.3614],[-81.12598,32.36156],[-81.12592,32.36207],[-81.12483,32.36206],[-81.12455,32.36176]]]},"properties":{"overlapId":"ov-desc-12-jasper-okatie-230-kv-2-construct--gpc-sertp26r-p53-sav-goshen-sav-mcintosh-115-kv","type":"Freshwater Forested/Shrub Wetland","attribute":"PFO1C","acres":2.03}},{"type":"Feature","geometry":{"type":"Polygon","coordinates":[[[-81.12247,32.36198],[-81.122,32.36164],[-81.12199,32.36113],[-81.12245,32.36137],[-81.12329,32.36134],[-81.1235,32.36165],[-81.12344,32.36205],[-81.12332,32.36214],[-81.12247,32.36198]]]},"properties":{"overlapId":"ov-desc-12-jasper-okatie-230-kv-2-construct--gpc-sertp26r-p53-sav-goshen-sav-mcintosh-115-kv","type":"Freshwater Forested/Shrub Wetland","attribute":"PFO1C","acres":2.37}},{"type":"Feature","geometry":{"type":"Polygon","coordinates":[[[-81.07337,32.35621],[-81.0735,32.35582],[-81.07379,32.35582],[-81.07394,32.35597],[-81.07387,32.35619],[-81.07337,32.35621]]]},"properties":{"overlapId":"ov-desc-12-jasper-okatie-230-kv-2-construct--gpc-sertp26r-p53-sav-goshen-sav-mcintosh-115-kv","type":"Freshwater Forested/Shrub Wetland","attribute":"PFO1C","acres":0.51}},{"type":"Feature","geometry":{"type":"Polygon","coordinates":[[[-81.07537,32.35701],[-81.07535,32.35678],[-81.07572,32.35683],[-81.07571,32.35705],[-81.07537,32.35701]]]},"properties":{"overlapId":"ov-desc-12-jasper-okatie-230-kv-2-construct--gpc-sertp26r-p53-sav-goshen-sav-mcintosh-115-kv","type":"Freshwater Forested/Shrub Wetland","attribute":"PFO1C","acres":0.21}},{"type":"Feature","geometry":{"type":"Polygon","coordinates":[[[-81.12,32.3634],[-81.12011,32.36317],[-81.12056,32.36334],[-81.12,32.3634]]]},"properties":{"overlapId":"ov-desc-12-jasper-okatie-230-kv-2-construct--gpc-sertp26r-p53-sav-goshen-sav-mcintosh-115-kv","type":"Freshwater Forested/Shrub Wetland","attribute":"PFO1C","acres":0.29}},{"type":"Feature","geometry":{"type":"Polygon","coordinates":[[[-81.11947,32.36424],[-81.11972,32.3643],[-81.11988,32.36456],[-81.11951,32.36479],[-81.11923,32.36473],[-81.11947,32.36424]]]},"properties":{"overlapId":"ov-desc-12-jasper-okatie-230-kv-2-construct--gpc-sertp26r-p53-sav-goshen-sav-mcintosh-115-kv","type":"Freshwater Forested/Shrub Wetland","attribute":"PFO1C","acres":0.57}},{"type":"Feature","geometry":{"type":"Polygon","coordinates":[[[-81.09016,32.36144],[-81.08987,32.36095],[-81.09012,32.36091],[-81.09019,32.36061],[-81.09066,32.3611],[-81.09066,32.36143],[-81.09016,32.36144]]]},"properties":{"overlapId":"ov-desc-12-jasper-okatie-230-kv-2-construct--gpc-sertp26r-p53-sav-goshen-sav-mcintosh-115-kv","type":"Freshwater Forested/Shrub Wetland","attribute":"PFO1C","acres":1.02}},{"type":"Feature","geometry":{"type":"Polygon","coordinates":[[[-81.04161,32.35517],[-81.04239,32.3536],[-81.04322,32.35368],[-81.04354,32.35387],[-81.04372,32.35439],[-81.04336,32.35547],[-81.04231,32.35534],[-81.0418,32.35559],[-81.04161,32.35517]]]},"properties":{"overlapId":"ov-desc-12-jasper-okatie-230-kv-2-construct--gpc-sertp26r-p53-sav-goshen-sav-mcintosh-115-kv","type":"Freshwater Forested/Shrub Wetland","attribute":"PFO1C","acres":7.5}},{"type":"Feature","geometry":{"type":"Polygon","coordinates":[[[-81.05246,32.35665],[-81.05299,32.35682],[-81.05279,32.35707],[-81.05282,32.35739],[-81.05246,32.35743],[-81.05228,32.35706],[-81.05246,32.35665]]]},"properties":{"overlapId":"ov-desc-12-jasper-okatie-230-kv-2-construct--gpc-sertp26r-p53-sav-goshen-sav-mcintosh-115-kv","type":"Freshwater Forested/Shrub Wetland","attribute":"PFO1C","acres":0.88}},{"type":"Feature","geometry":{"type":"Polygon","coordinates":[[[-81.1498,32.36354],[-81.15006,32.36343],[-81.15011,32.36369],[-81.1498,32.36374],[-81.1498,32.36354]]]},"properties":{"overlapId":"ov-desc-12-jasper-okatie-230-kv-2-construct--gpc-sertp26r-p53-sav-goshen-sav-mcintosh-115-kv","type":"Freshwater Forested/Shrub Wetland","attribute":"PFO1C","acres":0.18}},{"type":"Feature","geometry":{"type":"Polygon","coordinates":[[[-81.06423,32.35983],[-81.06465,32.35942],[-81.06492,32.35939],[-81.06582,32.35983],[-81.06565,32.36],[-81.06423,32.35983]]]},"properties":{"overlapId":"ov-desc-12-jasper-okatie-230-kv-2-construct--gpc-sertp26r-p53-sav-goshen-sav-mcintosh-115-kv","type":"Freshwater Forested/Shrub Wetland","attribute":"PFO1C","acres":1.56}},{"type":"Feature","geometry":{"type":"Polygon","coordinates":[[[-81.12409,32.36791],[-81.12445,32.3673],[-81.12488,32.36701],[-81.12499,32.36722],[-81.12484,32.36789],[-81.12409,32.36791]]]},"properties":{"overlapId":"ov-desc-12-jasper-okatie-230-kv-2-construct--gpc-sertp26r-p53-sav-goshen-sav-mcintosh-115-kv","type":"Freshwater Forested/Shrub Wetland","attribute":"PFO1C","acres":1.13}},{"type":"Feature","geometry":{"type":"Polygon","coordinates":[[[-81.03632,32.35625],[-81.03688,32.35597],[-81.03807,32.35593],[-81.03828,32.35573],[-81.03828,32.35548],[-81.03628,32.35522],[-81.03655,32.35455],[-81.03724,32.35377],[-81.03842,32.35318],[-81.039,32.35307],[-81.04069,32.35311],[-81.04066,32.35331],[-81.04043,32.35342],[-81.03922,32.3534],[-81.0391,32.35374],[-81.03929,32.35387],[-81.04067,32.35393],[-81.04095,32.35356],[-81.04128,32.35347],[-81.04104,32.35374],[-81.04076,32.35463],[-81.04023,32.35472],[-81.03977,32.35511],[-81.03945,32.35611],[-81.03927,32.35752],[-81.03901,32.35792],[-81.03886,32.35782],[-81.03904,32.35677],[-81.03886,32.3563],[-81.03844,32.35609],[-81.03741,32.3566],[-81.0369,32.35631],[-81.03643,32.35671],[-81.03632,32.35625]]]},"properties":{"overlapId":"ov-desc-12-jasper-okatie-230-kv-2-construct--gpc-sertp26r-p53-sav-goshen-sav-mcintosh-115-kv","type":"Freshwater Forested/Shrub Wetland","attribute":"PFO1Cd","acres":25.47}},{"type":"Feature","geometry":{"type":"Polygon","coordinates":[[[-81.13339,32.35306],[-81.13358,32.35384],[-81.13345,32.35402],[-81.13331,32.35401],[-81.13304,32.35348],[-81.13302,32.35185],[-81.13348,32.35177],[-81.13339,32.35306]]]},"properties":{"overlapId":"ov-desc-12-jasper-okatie-230-kv-2-construct--gpc-sertp26r-p53-sav-goshen-sav-mcintosh-115-kv","type":"Freshwater Forested/Shrub Wetland","attribute":"PFO1F","acres":2.23}},{"type":"Feature","geometry":{"type":"Polygon","coordinates":[[[-81.13051,32.35227],[-81.13075,32.35294],[-81.13129,32.3533],[-81.13297,32.3541],[-81.13287,32.3543],[-81.13232,32.35443],[-81.13234,32.35469],[-81.13261,32.35487],[-81.1325,32.35516],[-81.13215,32.35488],[-81.13155,32.35504],[-81.13119,32.35383],[-81.1304,32.35304],[-81.13004,32.35235],[-81.13051,32.35227]]]},"properties":{"overlapId":"ov-desc-12-jasper-okatie-230-kv-2-construct--gpc-sertp26r-p53-sav-goshen-sav-mcintosh-115-kv","type":"Freshwater Forested/Shrub Wetland","attribute":"PFO1F","acres":6.2}},{"type":"Feature","geometry":{"type":"Polygon","coordinates":[[[-81.12598,32.35753],[-81.12574,32.35777],[-81.12533,32.35779],[-81.12568,32.35743],[-81.12598,32.35753]]]},"properties":{"overlapId":"ov-desc-12-jasper-okatie-230-kv-2-construct--gpc-sertp26r-p53-sav-goshen-sav-mcintosh-115-kv","type":"Freshwater Forested/Shrub Wetland","attribute":"PFO1F","acres":0.37}},{"type":"Feature","geometry":{"type":"Polygon","coordinates":[[[-81.14622,32.36434],[-81.14578,32.36265],[-81.14533,32.36253],[-81.14489,32.36199],[-81.14483,32.36144],[-81.14452,32.3609],[-81.14343,32.35986],[-81.14275,32.35885],[-81.14247,32.35795],[-81.14259,32.3566],[-81.1423,32.35572],[-81.14171,32.35502],[-81.13962,32.35423],[-81.13948,32.35428],[-81.13946,32.35476],[-81.1397,32.35497],[-81.13982,32.35656],[-81.13966,32.35667],[-81.13942,32.35654],[-81.13905,32.3553],[-81.13918,32.35396],[-81.1371,32.35303],[-81.1362,32.3524],[-81.13571,32.3514],[-81.13629,32.3513],[-81.13632,32.35162],[-81.13704,32.3525],[-81.13834,32.35335],[-81.13906,32.35341],[-81.13953,32.35368],[-81.1412,32.35415],[-81.14175,32.35424],[-81.14361,32.35362],[-81.14385,32.35334],[-81.14433,32.35316],[-81.14456,32.35311],[-81.14475,32.35332],[-81.14429,32.35339],[-81.14344,32.35404],[-81.1428,32.3541],[-81.14215,32.35435],[-81.14186,32.35455],[-81.14186,32.35473],[-81.14208,32.35491],[-81.14251,32.35471],[-81.14303,32.35534],[-81.1437,32.35735],[-81.14347,32.35859],[-81.14372,32.35899],[-81.14462,32.35927],[-81.14534,32.35978],[-81.14544,32.36026],[-81.14514,32.36133],[-81.14617,32.36244],[-81.14683,32.36424],[-81.14622,32.36434]]]},"properties":{"overlapId":"ov-desc-12-jasper-okatie-230-kv-2-construct--gpc-sertp26r-p53-sav-goshen-sav-mcintosh-115-kv","type":"Freshwater Forested/Shrub Wetland","attribute":"PFO1F","acres":36.84}},{"type":"Feature","geometry":{"type":"Polygon","coordinates":[[[-81.12885,32.35259],[-81.12964,32.35378],[-81.13014,32.35419],[-81.13035,32.35456],[-81.13032,32.35492],[-81.13001,32.35493],[-81.1296,32.35454],[-81.1283,32.35275],[-81.12829,32.35265],[-81.12885,32.35259]]]},"properties":{"overlapId":"ov-desc-12-jasper-okatie-230-kv-2-construct--gpc-sertp26r-p53-sav-goshen-sav-mcintosh-115-kv","type":"Freshwater Forested/Shrub Wetland","attribute":"PFO2F","acres":3.85}},{"type":"Feature","geometry":{"type":"Polygon","coordinates":[[[-81.11057,32.35785],[-81.11025,32.35827],[-81.10969,32.35804],[-81.10866,32.35889],[-81.10758,32.35918],[-81.10726,32.35897],[-81.10893,32.35776],[-81.10961,32.35776],[-81.11049,32.35729],[-81.11144,32.35725],[-81.11057,32.35785]]]},"properties":{"overlapId":"ov-desc-12-jasper-okatie-230-kv-2-construct--gpc-sertp26r-p53-sav-goshen-sav-mcintosh-115-kv","type":"Freshwater Forested/Shrub Wetland","attribute":"PFO4/1C","acres":5.89}},{"type":"Feature","geometry":{"type":"Polygon","coordinates":[[[-81.05279,32.35891],[-81.05356,32.35888],[-81.05372,32.35871],[-81.05376,32.35911],[-81.05442,32.35935],[-81.0527,32.35924],[-81.05279,32.35891]]]},"properties":{"overlapId":"ov-desc-12-jasper-okatie-230-kv-2-construct--gpc-sertp26r-p53-sav-goshen-sav-mcintosh-115-kv","type":"Freshwater Forested/Shrub Wetland","attribute":"PFO4/1C","acres":1.24}},{"type":"Feature","geometry":{"type":"Polygon","coordinates":[[[-81.07176,32.35789],[-81.07175,32.35759],[-81.07219,32.3576],[-81.07215,32.35737],[-81.07245,32.35702],[-81.07223,32.35662],[-81.07123,32.35672],[-81.07105,32.35653],[-81.07129,32.35633],[-81.07148,32.35649],[-81.07244,32.35638],[-81.07262,32.35669],[-81.07256,32.35763],[-81.07215,32.35834],[-81.07156,32.35817],[-81.0714,32.35874],[-81.07087,32.3587],[-81.07101,32.35816],[-81.07176,32.35789]]]},"properties":{"overlapId":"ov-desc-12-jasper-okatie-230-kv-2-construct--gpc-sertp26r-p53-sav-goshen-sav-mcintosh-115-kv","type":"Freshwater Forested/Shrub Wetland","attribute":"PFO4/EM1A","acres":3.8}},{"type":"Feature","geometry":{"type":"Polygon","coordinates":[[[-81.08206,32.35971],[-81.0826,32.3597],[-81.08401,32.36006],[-81.08397,32.36061],[-81.08375,32.36077],[-81.08341,32.36074],[-81.08279,32.35985],[-81.08242,32.35983],[-81.08198,32.36003],[-81.08131,32.36058],[-81.08113,32.36045],[-81.08206,32.35971]]]},"properties":{"overlapId":"ov-desc-12-jasper-okatie-230-kv-2-construct--gpc-sertp26r-p53-sav-goshen-sav-mcintosh-115-kv","type":"Freshwater Forested/Shrub Wetland","attribute":"PFO4C","acres":3.0}},{"type":"Feature","geometry":{"type":"Polygon","coordinates":[[[-81.15621,32.35463],[-81.1559,32.35469],[-81.15579,32.35449],[-81.15616,32.35412],[-81.15662,32.35482],[-81.15625,32.35497],[-81.15621,32.35463]]]},"properties":{"overlapId":"ov-desc-12-jasper-okatie-230-kv-2-construct--gpc-sertp26r-p53-sav-goshen-sav-mcintosh-115-kv","type":"Freshwater Forested/Shrub Wetland","attribute":"PFO5H","acres":0.82}},{"type":"Feature","geometry":{"type":"Polygon","coordinates":[[[-81.16256,32.35912],[-81.16295,32.35867],[-81.16316,32.35871],[-81.16313,32.35899],[-81.16292,32.35911],[-81.16256,32.35912]]]},"properties":{"overlapId":"ov-desc-12-jasper-okatie-230-kv-2-construct--gpc-sertp26r-p53-sav-goshen-sav-mcintosh-115-kv","type":"Freshwater Forested/Shrub Wetland","attribute":"PFO5H","acres":0.42}},{"type":"Feature","geometry":{"type":"Polygon","coordinates":[[[-81.16178,32.35813],[-81.16191,32.35825],[-81.1621,32.35816],[-81.16215,32.35852],[-81.16152,32.35912],[-81.16157,32.3584],[-81.16178,32.35813]]]},"properties":{"overlapId":"ov-desc-12-jasper-okatie-230-kv-2-construct--gpc-sertp26r-p53-sav-goshen-sav-mcintosh-115-kv","type":"Freshwater Forested/Shrub Wetland","attribute":"PFO5H","acres":0.73}},{"type":"Feature","geometry":{"type":"Polygon","coordinates":[[[-81.15648,32.35981],[-81.15648,32.35935],[-81.15685,32.35953],[-81.15711,32.35929],[-81.15753,32.35941],[-81.15783,32.35921],[-81.15678,32.35907],[-81.15604,32.35864],[-81.15551,32.35852],[-81.15497,32.35801],[-81.15481,32.35765],[-81.15459,32.35765],[-81.15478,32.35758],[-81.15492,32.35714],[-81.15559,32.35622],[-81.15596,32.35621],[-81.15586,32.35593],[-81.15539,32.35582],[-81.15526,32.35542],[-81.15542,32.35521],[-81.1562,32.35524],[-81.15612,32.35541],[-81.15548,32.35537],[-81.1555,32.35552],[-81.15635,32.35562],[-81.15724,32.35518],[-81.15706,32.35554],[-81.15738,32.35533],[-81.15771,32.35534],[-81.15763,32.35481],[-81.15775,32.35507],[-81.15799,32.35494],[-81.1577,32.35559],[-81.15712,32.35583],[-81.15608,32.35593],[-81.15597,32.35639],[-81.15581,32.35644],[-81.15602,32.35659],[-81.15624,32.35638],[-81.15625,32.3561],[-81.15656,32.35621],[-81.15674,32.35691],[-81.15711,32.35722],[-81.15733,32.35782],[-81.15694,32.35789],[-81.15686,32.35769],[-81.15668,32.3577],[-81.15653,32.35782],[-81.15671,32.35813],[-81.15546,32.35786],[-81.15582,32.35816],[-81.15667,32.35826],[-81.15763,32.35765],[-81.15783,32.35812],[-81.15741,32.35825],[-81.15743,32.35835],[-81.15823,32.35796],[-81.15825,32.35839],[-81.15773,32.35869],[-81.15678,32.35861],[-81.1568,32.3587],[-81.15731,32.35883],[-81.15793,32.35874],[-81.15851,32.35836],[-81.15883,32.35848],[-81.15904,32.35826],[-81.15899,32.35805],[-81.15749,32.3574],[-81.15712,32.35703],[-81.15685,32.35623],[-81.15717,32.3563],[-81.15732,32.35606],[-81.15745,32.35652],[-81.15826,32.35678],[-81.15766,32.35617],[-81.15802,32.3558],[-81.15793,32.35564],[-81.1581,32.35537],[-81.15836,32.35553],[-81.1582,32.35499],[-81.15836,32.35467],[-81.15851,32.35518],[-81.15872,32.35526],[-81.15867,32.35645],[-81.15881,32.35661],[-81.15937,32.35597],[-81.15972,32.35697],[-81.15968,32.35767],[-81.15928,32.35775],[-81.15932,32.35751],[-81.15948,32.35747],[-81.15945,32.35704],[-81.1593,32.35669],[-81.15886,32.35665],[-81.15923,32.35839],[-81.15801,32.35916],[-81.1576,32.3598],[-81.15648,32.35981]]]},"properties":{"overlapId":"ov-desc-12-jasper-okatie-230-kv-2-construct--gpc-sertp26r-p53-sav-goshen-sav-mcintosh-115-kv","type":"Freshwater Forested/Shrub Wetland","attribute":"PFO5H","acres":29.01}},{"type":"Feature","geometry":{"type":"Polygon","coordinates":[[[-81.15693,32.36008],[-81.15739,32.36016],[-81.15804,32.35998],[-81.15797,32.35948],[-81.15844,32.35959],[-81.1588,32.35881],[-81.15906,32.35876],[-81.15889,32.36032],[-81.15799,32.36068],[-81.15791,32.36093],[-81.15693,32.36008]]]},"properties":{"overlapId":"ov-desc-12-jasper-okatie-230-kv-2-construct--gpc-sertp26r-p53-sav-goshen-sav-mcintosh-115-kv","type":"Freshwater Forested/Shrub Wetland","attribute":"PFO5H","acres":4.4}},{"type":"Feature","geometry":{"type":"Polygon","coordinates":[[[-81.09237,32.35726],[-81.09258,32.35738],[-81.09234,32.35783],[-81.09183,32.35744],[-81.09127,32.35742],[-81.09064,32.35762],[-81.09045,32.35747],[-81.09056,32.35727],[-81.09237,32.35726]]]},"properties":{"overlapId":"ov-desc-12-jasper-okatie-230-kv-2-construct--gpc-sertp26r-p53-sav-goshen-sav-mcintosh-115-kv","type":"Freshwater Forested/Shrub Wetland","attribute":"PSS1/4Ad","acres":1.46}},{"type":"Feature","geometry":{"type":"Polygon","coordinates":[[[-81.12963,32.35251],[-81.13034,32.35379],[-81.13073,32.35401],[-81.13063,32.35422],[-81.13012,32.35417],[-81.12964,32.35378],[-81.1292,32.35306],[-81.12901,32.35253],[-81.12963,32.35251]]]},"properties":{"overlapId":"ov-desc-12-jasper-okatie-230-kv-2-construct--gpc-sertp26r-p53-sav-goshen-sav-mcintosh-115-kv","type":"Freshwater Forested/Shrub Wetland","attribute":"PSS1A","acres":3.1}},{"type":"Feature","geometry":{"type":"Polygon","coordinates":[[[-81.10479,32.3611],[-81.10479,32.36153],[-81.10441,32.36146],[-81.10441,32.36117],[-81.10479,32.3611]]]},"properties":{"overlapId":"ov-desc-12-jasper-okatie-230-kv-2-construct--gpc-sertp26r-p53-sav-goshen-sav-mcintosh-115-kv","type":"Freshwater Forested/Shrub Wetland","attribute":"PSS1A","acres":0.44}},{"type":"Feature","geometry":{"type":"Polygon","coordinates":[[[-81.05308,32.35839],[-81.05304,32.35861],[-81.05265,32.35863],[-81.05277,32.35824],[-81.05308,32.35839]]]},"properties":{"overlapId":"ov-desc-12-jasper-okatie-230-kv-2-construct--gpc-sertp26r-p53-sav-goshen-sav-mcintosh-115-kv","type":"Freshwater Forested/Shrub Wetland","attribute":"PSS1A","acres":0.34}},{"type":"Feature","geometry":{"type":"Polygon","coordinates":[[[-81.14974,32.35102],[-81.1493,32.35059],[-81.14875,32.35065],[-81.14873,32.35034],[-81.14892,32.35016],[-81.14965,32.35007],[-81.15051,32.35025],[-81.15096,32.35105],[-81.15091,32.35119],[-81.15045,32.35102],[-81.14974,32.35102]]]},"properties":{"overlapId":"ov-desc-12-jasper-okatie-230-kv-2-construct--gpc-sertp26r-p53-sav-goshen-sav-mcintosh-115-kv","type":"Freshwater Forested/Shrub Wetland","attribute":"PSS1C","acres":3.82}},{"type":"Feature","geometry":{"type":"Polygon","coordinates":[[[-81.15165,32.35133],[-81.15134,32.35133],[-81.15178,32.35064],[-81.15224,32.3508],[-81.15346,32.35085],[-81.15365,32.35098],[-81.15361,32.35171],[-81.15204,32.35165],[-81.15165,32.35133]]]},"properties":{"overlapId":"ov-desc-12-jasper-okatie-230-kv-2-construct--gpc-sertp26r-p53-sav-goshen-sav-mcintosh-115-kv","type":"Freshwater Forested/Shrub Wetland","attribute":"PSS1C","acres":4.5}},{"type":"Feature","geometry":{"type":"Polygon","coordinates":[[[-81.14672,32.35167],[-81.14834,32.35058],[-81.14888,32.35077],[-81.14928,32.35067],[-81.14971,32.3511],[-81.15043,32.35109],[-81.15089,32.35126],[-81.15045,32.3525],[-81.15017,32.35263],[-81.14761,32.35232],[-81.14702,32.35248],[-81.14681,32.35223],[-81.14672,32.35167]]]},"properties":{"overlapId":"ov-desc-12-jasper-okatie-230-kv-2-construct--gpc-sertp26r-p53-sav-goshen-sav-mcintosh-115-kv","type":"Freshwater Forested/Shrub Wetland","attribute":"PSS1C","acres":14.67}},{"type":"Feature","geometry":{"type":"Polygon","coordinates":[[[-81.1466,32.35264],[-81.14631,32.352],[-81.14664,32.35169],[-81.14673,32.35226],[-81.14699,32.35255],[-81.14762,32.35239],[-81.14968,32.35268],[-81.15047,32.35258],[-81.15052,32.35319],[-81.15022,32.3537],[-81.14968,32.35393],[-81.14961,32.35382],[-81.14802,32.35391],[-81.14745,32.3536],[-81.1466,32.35264]]]},"properties":{"overlapId":"ov-desc-12-jasper-okatie-230-kv-2-construct--gpc-sertp26r-p53-sav-goshen-sav-mcintosh-115-kv","type":"Freshwater Forested/Shrub Wetland","attribute":"PSS1C","acres":11.65}},{"type":"Feature","geometry":{"type":"Polygon","coordinates":[[[-81.15122,32.35425],[-81.15064,32.35422],[-81.15055,32.354],[-81.15078,32.35339],[-81.15092,32.35208],[-81.15131,32.3514],[-81.15161,32.35139],[-81.15218,32.35175],[-81.15361,32.35178],[-81.15322,32.35413],[-81.15235,32.35462],[-81.15122,32.35425]]]},"properties":{"overlapId":"ov-desc-12-jasper-okatie-230-kv-2-construct--gpc-sertp26r-p53-sav-goshen-sav-mcintosh-115-kv","type":"Freshwater Forested/Shrub Wetland","attribute":"PSS1C","acres":18.21}},{"type":"Feature","geometry":{"type":"Polygon","coordinates":[[[-81.13304,32.35348],[-81.13332,32.35403],[-81.13304,32.35412],[-81.13075,32.35294],[-81.13051,32.35227],[-81.13302,32.35185],[-81.13304,32.35348]]]},"properties":{"overlapId":"ov-desc-12-jasper-okatie-230-kv-2-construct--gpc-sertp26r-p53-sav-goshen-sav-mcintosh-115-kv","type":"Freshwater Forested/Shrub Wetland","attribute":"PSS1C","acres":9.51}},{"type":"Feature","geometry":{"type":"Polygon","coordinates":[[[-81.12813,32.35267],[-81.12833,32.35298],[-81.12844,32.35427],[-81.12883,32.35437],[-81.12923,32.35407],[-81.13033,32.35524],[-81.13058,32.35516],[-81.13084,32.35452],[-81.13142,32.35538],[-81.13134,32.35597],[-81.13028,32.35653],[-81.13014,32.35778],[-81.1299,32.35773],[-81.12941,32.35693],[-81.12921,32.3569],[-81.12838,32.35562],[-81.1276,32.35276],[-81.12813,32.35267]]]},"properties":{"overlapId":"ov-desc-12-jasper-okatie-230-kv-2-construct--gpc-sertp26r-p53-sav-goshen-sav-mcintosh-115-kv","type":"Freshwater Forested/Shrub Wetland","attribute":"PSS1C","acres":18.27}},{"type":"Feature","geometry":{"type":"Polygon","coordinates":[[[-81.15532,32.35883],[-81.15553,32.35957],[-81.1564,32.36],[-81.15664,32.36041],[-81.15785,32.36119],[-81.15799,32.36148],[-81.15731,32.36172],[-81.15653,32.36254],[-81.15599,32.36266],[-81.15521,32.3624],[-81.15479,32.36205],[-81.15423,32.36048],[-81.15417,32.35884],[-81.15472,32.35857],[-81.15532,32.35883]]]},"properties":{"overlapId":"ov-desc-12-jasper-okatie-230-kv-2-construct--gpc-sertp26r-p53-sav-goshen-sav-mcintosh-115-kv","type":"Freshwater Forested/Shrub Wetland","attribute":"PSS1C","acres":22.07}},{"type":"Feature","geometry":{"type":"Polygon","coordinates":[[[-81.13201,32.35999],[-81.13147,32.35953],[-81.13149,32.35847],[-81.13113,32.35824],[-81.1311,32.35781],[-81.13134,32.35718],[-81.13205,32.35679],[-81.13273,32.35774],[-81.13313,32.3596],[-81.13249,32.36025],[-81.13219,32.35992],[-81.13201,32.35999]]]},"properties":{"overlapId":"ov-desc-12-jasper-okatie-230-kv-2-construct--gpc-sertp26r-p53-sav-goshen-sav-mcintosh-115-kv","type":"Freshwater Forested/Shrub Wetland","attribute":"PSS1C","acres":11.26}},{"type":"Feature","geometry":{"type":"Polygon","coordinates":[[[-81.14068,32.35899],[-81.14147,32.35976],[-81.14245,32.36174],[-81.14183,32.36182],[-81.14133,32.36231],[-81.14051,32.36223],[-81.13952,32.36153],[-81.13858,32.36117],[-81.13798,32.36065],[-81.1379,32.36025],[-81.13815,32.35994],[-81.14018,32.35906],[-81.14068,32.35899]]]},"properties":{"overlapId":"ov-desc-12-jasper-okatie-230-kv-2-construct--gpc-sertp26r-p53-sav-goshen-sav-mcintosh-115-kv","type":"Freshwater Forested/Shrub Wetland","attribute":"PSS1C","acres":23.48}},{"type":"Feature","geometry":{"type":"Polygon","coordinates":[[[-81.14391,32.36226],[-81.14321,32.36155],[-81.14275,32.3602],[-81.1402,32.358],[-81.1397,32.3558],[-81.1398,32.35465],[-81.14043,32.35451],[-81.14124,32.35478],[-81.14171,32.35502],[-81.1423,32.35572],[-81.14259,32.3566],[-81.14253,32.35711],[-81.1418,32.35702],[-81.1417,32.35793],[-81.1422,32.35791],[-81.14228,32.35833],[-81.14266,32.35854],[-81.14343,32.35986],[-81.14469,32.3612],[-81.1446,32.36161],[-81.14529,32.364],[-81.14515,32.36421],[-81.1446,32.36421],[-81.14441,32.36399],[-81.1443,32.36322],[-81.14391,32.36226]]]},"properties":{"overlapId":"ov-desc-12-jasper-okatie-230-kv-2-construct--gpc-sertp26r-p53-sav-goshen-sav-mcintosh-115-kv","type":"Freshwater Forested/Shrub Wetland","attribute":"PSS1C","acres":39.18}},{"type":"Feature","geometry":{"type":"Polygon","coordinates":[[[-81.07816,32.35596],[-81.07813,32.35553],[-81.07849,32.3557],[-81.07907,32.35568],[-81.07875,32.35612],[-81.07816,32.35596]]]},"properties":{"overlapId":"ov-desc-12-jasper-okatie-230-kv-2-construct--gpc-sertp26r-p53-sav-goshen-sav-mcintosh-115-kv","type":"Freshwater Forested/Shrub Wetland","attribute":"PSS1C","acres":0.88}},{"type":"Feature","geometry":{"type":"Polygon","coordinates":[[[-81.13254,32.36624],[-81.13258,32.36603],[-81.13278,32.36605],[-81.13314,32.36655],[-81.13278,32.36661],[-81.13254,32.36624]]]},"properties":{"overlapId":"ov-desc-12-jasper-okatie-230-kv-2-construct--gpc-sertp26r-p53-sav-goshen-sav-mcintosh-115-kv","type":"Freshwater Forested/Shrub Wetland","attribute":"PSS1C","acres":0.56}},{"type":"Feature","geometry":{"type":"Polygon","coordinates":[[[-81.15238,32.35808],[-81.15158,32.35777],[-81.15163,32.35753],[-81.15213,32.35751],[-81.15218,32.35681],[-81.15267,32.35658],[-81.15277,32.35638],[-81.15341,32.35633],[-81.15391,32.35597],[-81.15418,32.35597],[-81.15464,32.35656],[-81.15442,32.35776],[-81.1541,32.35799],[-81.15386,32.35855],[-81.15358,32.35855],[-81.1534,32.35812],[-81.15238,32.35808]]]},"properties":{"overlapId":"ov-desc-12-jasper-okatie-230-kv-2-construct--gpc-sertp26r-p53-sav-goshen-sav-mcintosh-115-kv","type":"Freshwater Forested/Shrub Wetland","attribute":"PSS1F","acres":11.78}},{"type":"Feature","geometry":{"type":"Polygon","coordinates":[[[-81.13344,32.36464],[-81.13327,32.36395],[-81.13289,32.36343],[-81.13291,32.36322],[-81.13252,32.36291],[-81.13232,32.36245],[-81.13198,32.36243],[-81.13198,32.36216],[-81.13228,32.36209],[-81.13237,32.36174],[-81.13218,32.36155],[-81.13189,32.3605],[-81.13101,32.35935],[-81.13104,32.35862],[-81.13038,32.35791],[-81.13049,32.35778],[-81.13065,32.35805],[-81.13103,32.35812],[-81.13064,32.35741],[-81.1311,32.35654],[-81.13123,32.35658],[-81.13134,32.35718],[-81.1311,32.35761],[-81.13113,32.35824],[-81.13149,32.35847],[-81.13147,32.35953],[-81.13181,32.35989],[-81.13219,32.35992],[-81.13243,32.36013],[-81.13257,32.3609],[-81.1329,32.36131],[-81.13292,32.36219],[-81.13344,32.36289],[-81.13354,32.36365],[-81.13398,32.36443],[-81.13344,32.36464]]]},"properties":{"overlapId":"ov-desc-12-jasper-okatie-230-kv-2-construct--gpc-sertp26r-p53-sav-goshen-sav-mcintosh-115-kv","type":"Freshwater Forested/Shrub Wetland","attribute":"PSS1F","acres":11.61}},{"type":"Feature","geometry":{"type":"Polygon","coordinates":[[[-81.13203,32.36673],[-81.13149,32.36505],[-81.13117,32.36487],[-81.13066,32.36538],[-81.13097,32.36586],[-81.13095,32.36623],[-81.13051,32.36656],[-81.13043,32.3668],[-81.13019,32.36704],[-81.12932,32.36719],[-81.12903,32.36711],[-81.12894,32.36672],[-81.12911,32.36657],[-81.12929,32.36556],[-81.12901,32.36536],[-81.12912,32.36057],[-81.12963,32.35993],[-81.12942,32.35987],[-81.12942,32.35969],[-81.1297,32.35936],[-81.12913,32.35923],[-81.12947,32.35897],[-81.12944,32.35878],[-81.12903,32.35892],[-81.12931,32.35868],[-81.12904,32.35837],[-81.12928,32.35786],[-81.12917,32.35776],[-81.12888,32.35798],[-81.12878,32.35635],[-81.12935,32.35709],[-81.12954,32.3575],[-81.12945,32.35764],[-81.1298,32.35808],[-81.12971,32.35855],[-81.13037,32.35931],[-81.13072,32.35944],[-81.13104,32.3602],[-81.13103,32.36079],[-81.13134,32.36114],[-81.13137,32.3628],[-81.1309,32.3628],[-81.13061,32.36331],[-81.1303,32.36339],[-81.12991,32.36405],[-81.13014,32.36465],[-81.1311,32.36455],[-81.13121,32.36433],[-81.13164,32.36453],[-81.13235,32.36668],[-81.13203,32.36673]]]},"properties":{"overlapId":"ov-desc-12-jasper-okatie-230-kv-2-construct--gpc-sertp26r-p53-sav-goshen-sav-mcintosh-115-kv","type":"Freshwater Forested/Shrub Wetland","attribute":"PSS1F","acres":40.17}},{"type":"Feature","geometry":{"type":"Polygon","coordinates":[[[-81.14082,32.36483],[-81.14089,32.36408],[-81.1406,32.36338],[-81.14023,32.36295],[-81.13922,32.36231],[-81.13887,32.36251],[-81.13921,32.36398],[-81.13871,32.36423],[-81.13838,32.36275],[-81.13811,32.36237],[-81.13809,32.36137],[-81.13847,32.36173],[-81.1388,32.36152],[-81.1393,32.36154],[-81.14048,32.36246],[-81.14061,32.36274],[-81.14127,32.36287],[-81.14117,32.3634],[-81.14153,32.36513],[-81.1405,32.36531],[-81.14082,32.36483]]]},"properties":{"overlapId":"ov-desc-12-jasper-okatie-230-kv-2-construct--gpc-sertp26r-p53-sav-goshen-sav-mcintosh-115-kv","type":"Freshwater Forested/Shrub Wetland","attribute":"PSS1F","acres":11.12}},{"type":"Feature","geometry":{"type":"Polygon","coordinates":[[[-81.1554,32.35045],[-81.15573,32.35044],[-81.15574,32.3508],[-81.15562,32.35077],[-81.15565,32.35063],[-81.1554,32.35045]]]},"properties":{"overlapId":"ov-desc-12-jasper-okatie-230-kv-2-construct--gpc-sertp26r-p53-sav-goshen-sav-mcintosh-115-kv","type":"Freshwater Pond","attribute":"PUBH","acres":0.21}},{"type":"Feature","geometry":{"type":"Polygon","coordinates":[[[-81.15582,32.35101],[-81.15594,32.35125],[-81.1558,32.35175],[-81.15544,32.35136],[-81.15541,32.35094],[-81.15582,32.35101]]]},"properties":{"overlapId":"ov-desc-12-jasper-okatie-230-kv-2-construct--gpc-sertp26r-p53-sav-goshen-sav-mcintosh-115-kv","type":"Freshwater Pond","attribute":"PUBH","acres":0.67}},{"type":"Feature","geometry":{"type":"Polygon","coordinates":[[[-81.14505,32.35429],[-81.14506,32.35442],[-81.14453,32.35405],[-81.14505,32.35429]]]},"properties":{"overlapId":"ov-desc-12-jasper-okatie-230-kv-2-construct--gpc-sertp26r-p53-sav-goshen-sav-mcintosh-115-kv","type":"Freshwater Pond","attribute":"PUBHh","acres":0.13}},{"type":"Feature","geometry":{"type":"Polygon","coordinates":[[[-81.12606,32.36209],[-81.12592,32.36207],[-81.12598,32.36156],[-81.12606,32.36209]]]},"properties":{"overlapId":"ov-desc-12-jasper-okatie-230-kv-2-construct--gpc-sertp26r-p53-sav-goshen-sav-mcintosh-115-kv","type":"Freshwater Pond","attribute":"PUBHh","acres":0.11}},{"type":"Feature","geometry":{"type":"Polygon","coordinates":[[[-81.04371,32.35329],[-81.04359,32.35338],[-81.04354,32.35328],[-81.04371,32.35329]]]},"properties":{"overlapId":"ov-desc-12-jasper-okatie-230-kv-2-construct--gpc-sertp26r-p53-sav-goshen-sav-mcintosh-115-kv","type":"Freshwater Pond","attribute":"PUBHh","acres":0.03}},{"type":"Feature","geometry":{"type":"Polygon","coordinates":[[[-81.15327,32.35417],[-81.15323,32.35426],[-81.15255,32.35458],[-81.15271,32.35435],[-81.15327,32.35417]]]},"properties":{"overlapId":"ov-desc-12-jasper-okatie-230-kv-2-construct--gpc-sertp26r-p53-sav-goshen-sav-mcintosh-115-kv","type":"Freshwater Pond","attribute":"PUBHx","acres":0.24}},{"type":"Feature","geometry":{"type":"Polygon","coordinates":[[[-81.15459,32.35844],[-81.15465,32.35859],[-81.15427,32.3587],[-81.1543,32.35859],[-81.15459,32.35844]]]},"properties":{"overlapId":"ov-desc-12-jasper-okatie-230-kv-2-construct--gpc-sertp26r-p53-sav-goshen-sav-mcintosh-115-kv","type":"Freshwater Pond","attribute":"PUBHx","acres":0.15}},{"type":"Feature","geometry":{"type":"Polygon","coordinates":[[[-81.12324,32.3535],[-81.12486,32.35593],[-81.12246,32.35595],[-81.12245,32.35363],[-81.12324,32.3535]]]},"properties":{"overlapId":"ov-desc-12-jasper-okatie-230-kv-2-construct--gpc-sertp26r-p53-sav-goshen-sav-mcintosh-115-kv","type":"Freshwater Pond","attribute":"PUBHx","acres":10.25}},{"type":"Feature","geometry":{"type":"Polygon","coordinates":[[[-81.12061,32.3561],[-81.1208,32.35612],[-81.1208,32.35639],[-81.12058,32.35636],[-81.12061,32.3561]]]},"properties":{"overlapId":"ov-desc-12-jasper-okatie-230-kv-2-construct--gpc-sertp26r-p53-sav-goshen-sav-mcintosh-115-kv","type":"Freshwater Pond","attribute":"PUBHx","acres":0.14}},{"type":"Feature","geometry":{"type":"Polygon","coordinates":[[[-81.12192,32.35519],[-81.12184,32.35657],[-81.12148,32.3566],[-81.12152,32.35554],[-81.12192,32.35519]]]},"properties":{"overlapId":"ov-desc-12-jasper-okatie-230-kv-2-construct--gpc-sertp26r-p53-sav-goshen-sav-mcintosh-115-kv","type":"Freshwater Pond","attribute":"PUBHx","acres":1.24}},{"type":"Feature","geometry":{"type":"Polygon","coordinates":[[[-81.12246,32.35613],[-81.12504,32.35612],[-81.12523,32.35698],[-81.12309,32.35674],[-81.12248,32.35689],[-81.12246,32.35613]]]},"properties":{"overlapId":"ov-desc-12-jasper-okatie-230-kv-2-construct--gpc-sertp26r-p53-sav-goshen-sav-mcintosh-115-kv","type":"Freshwater Pond","attribute":"PUBHx","acres":5.33}},{"type":"Feature","geometry":{"type":"Polygon","coordinates":[[[-81.12171,32.35696],[-81.12173,32.35707],[-81.11976,32.35698],[-81.1198,32.3569],[-81.12171,32.35696]]]},"properties":{"overlapId":"ov-desc-12-jasper-okatie-230-kv-2-construct--gpc-sertp26r-p53-sav-goshen-sav-mcintosh-115-kv","type":"Freshwater Pond","attribute":"PUBHx","acres":0.48}},{"type":"Feature","geometry":{"type":"Polygon","coordinates":[[[-81.12318,32.35767],[-81.12323,32.358],[-81.12294,32.35801],[-81.12276,32.35766],[-81.12318,32.35767]]]},"properties":{"overlapId":"ov-desc-12-jasper-okatie-230-kv-2-construct--gpc-sertp26r-p53-sav-goshen-sav-mcintosh-115-kv","type":"Freshwater Pond","attribute":"PUBHx","acres":0.38}},{"type":"Feature","geometry":{"type":"Polygon","coordinates":[[[-81.12187,32.35818],[-81.12187,32.35834],[-81.1214,32.35833],[-81.12139,32.35816],[-81.12187,32.35818]]]},"properties":{"overlapId":"ov-desc-12-jasper-okatie-230-kv-2-construct--gpc-sertp26r-p53-sav-goshen-sav-mcintosh-115-kv","type":"Freshwater Pond","attribute":"PUBHx","acres":0.2}},{"type":"Feature","geometry":{"type":"Polygon","coordinates":[[[-81.12185,32.35843],[-81.12184,32.35858],[-81.12139,32.35858],[-81.12141,32.35841],[-81.12185,32.35843]]]},"properties":{"overlapId":"ov-desc-12-jasper-okatie-230-kv-2-construct--gpc-sertp26r-p53-sav-goshen-sav-mcintosh-115-kv","type":"Freshwater Pond","attribute":"PUBHx","acres":0.18}},{"type":"Feature","geometry":{"type":"Polygon","coordinates":[[[-81.12633,32.35988],[-81.12648,32.35996],[-81.12589,32.36057],[-81.12587,32.36037],[-81.12633,32.35988]]]},"properties":{"overlapId":"ov-desc-12-jasper-okatie-230-kv-2-construct--gpc-sertp26r-p53-sav-goshen-sav-mcintosh-115-kv","type":"Freshwater Pond","attribute":"PUBHx","acres":0.41}},{"type":"Feature","geometry":{"type":"Polygon","coordinates":[[[-81.12381,32.36757],[-81.12375,32.36783],[-81.12346,32.36789],[-81.12381,32.36757]]]},"properties":{"overlapId":"ov-desc-12-jasper-okatie-230-kv-2-construct--gpc-sertp26r-p53-sav-goshen-sav-mcintosh-115-kv","type":"Freshwater Pond","attribute":"PUBHx","acres":0.1}},{"type":"Feature","geometry":{"type":"Polygon","coordinates":[[[-81.11241,32.36273],[-81.11225,32.36272],[-81.1204,32.35423],[-81.12064,32.35414],[-81.11241,32.36273]]]},"properties":{"overlapId":"ov-desc-12-jasper-okatie-230-kv-2-construct--gpc-sertp26r-p53-sav-goshen-sav-mcintosh-115-kv","type":"Freshwater Pond","attribute":"PUBHx","acres":3.46}},{"type":"Feature","geometry":{"type":"Polygon","coordinates":[[[-81.11336,32.36169],[-81.11461,32.36168],[-81.11531,32.36124],[-81.11649,32.36099],[-81.12116,32.36087],[-81.1165,32.36106],[-81.11535,32.36131],[-81.11463,32.36175],[-81.11336,32.36169]]]},"properties":{"overlapId":"ov-desc-12-jasper-okatie-230-kv-2-construct--gpc-sertp26r-p53-sav-goshen-sav-mcintosh-115-kv","type":"Riverine","attribute":"R2UBH","acres":1.08}},{"type":"Feature","geometry":{"type":"Polygon","coordinates":[[[-81.11319,32.36175],[-81.1093,32.36229],[-81.10914,32.3623],[-81.10916,32.36223],[-81.11319,32.36175]]]},"properties":{"overlapId":"ov-desc-12-jasper-okatie-230-kv-2-construct--gpc-sertp26r-p53-sav-goshen-sav-mcintosh-115-kv","type":"Riverine","attribute":"R2UBH","acres":0.41}},{"type":"Feature","geometry":{"type":"Polygon","coordinates":[[[-81.04341,32.35543],[-81.04372,32.3554],[-81.0441,32.35564],[-81.04406,32.35577],[-81.04341,32.35543]]]},"properties":{"overlapId":"ov-desc-12-jasper-okatie-230-kv-2-construct--gpc-sertp26r-p53-sav-goshen-sav-mcintosh-115-kv","type":"Riverine","attribute":"R2UBH","acres":0.28}},{"type":"Feature","geometry":{"type":"Polygon","coordinates":[[[-81.11423,32.36131],[-81.11372,32.3617],[-81.12118,32.35395],[-81.11423,32.36131]]]},"properties":{"overlapId":"ov-desc-12-jasper-okatie-230-kv-2-construct--gpc-sertp26r-p53-sav-goshen-sav-mcintosh-115-kv","type":"Riverine","attribute":"R2UBHx","acres":2.42}},{"type":"Feature","geometry":{"type":"Polygon","coordinates":[[[-81.12011,32.35435],[-81.11302,32.36173],[-81.1129,32.36174],[-81.12011,32.35435]]]},"properties":{"overlapId":"ov-desc-12-jasper-okatie-230-kv-2-construct--gpc-sertp26r-p53-sav-goshen-sav-mcintosh-115-kv","type":"Riverine","attribute":"R2UBHx","acres":2.2}},{"type":"Feature","geometry":{"type":"Polygon","coordinates":[[[-81.04495,32.35411],[-81.04488,32.35412],[-81.04528,32.35338],[-81.04495,32.35411]]]},"properties":{"overlapId":"ov-desc-12-jasper-okatie-230-kv-2-construct--gpc-sertp26r-p53-sav-goshen-sav-mcintosh-115-kv","type":"Riverine","attribute":"R2UBHx","acres":0.13}},{"type":"Feature","geometry":{"type":"Polygon","coordinates":[[[-81.11194,32.3627],[-81.11281,32.36182],[-81.11294,32.36181],[-81.11194,32.3627]]]},"properties":{"overlapId":"ov-desc-12-jasper-okatie-230-kv-2-construct--gpc-sertp26r-p53-sav-goshen-sav-mcintosh-115-kv","type":"Riverine","attribute":"R2UBHx","acres":0.31}},{"type":"Feature","geometry":{"type":"Polygon","coordinates":[[[-81.11365,32.36177],[-81.11376,32.36177],[-81.11272,32.36275],[-81.11365,32.36177]]]},"properties":{"overlapId":"ov-desc-12-jasper-okatie-230-kv-2-construct--gpc-sertp26r-p53-sav-goshen-sav-mcintosh-115-kv","type":"Riverine","attribute":"R2UBHx","acres":0.28}},{"type":"Feature","geometry":{"type":"Polygon","coordinates":[[[-81.12421,32.35359],[-81.12395,32.35338],[-81.12398,32.35337],[-81.12421,32.35359]]]},"properties":{"overlapId":"ov-desc-12-jasper-okatie-230-kv-2-construct--gpc-sertp26r-p53-sav-goshen-sav-mcintosh-115-kv","type":"Riverine","attribute":"R4SBC","acres":0.01}},{"type":"Feature","geometry":{"type":"Polygon","coordinates":[[[-81.15484,32.3498],[-81.15505,32.34891],[-81.15525,32.34871],[-81.1556,32.34875],[-81.15577,32.3494],[-81.15545,32.34958],[-81.15535,32.34982],[-81.15529,32.34965],[-81.15514,32.3498],[-81.15484,32.3498]]]},"properties":{"overlapId":"ov-desc-12-jasper-okatie-230-kv-2-construct--gpc-sertp26r-p53-sav-goshen-sav-mcintosh-115-kv","type":"Freshwater Forested/Shrub Wetland","attribute":"PFO1A","acres":1.77}},{"type":"Feature","geometry":{"type":"Polygon","coordinates":[[[-81.14682,32.3517],[-81.14635,32.3508],[-81.14725,32.35049],[-81.14756,32.35058],[-81.14789,32.35036],[-81.14834,32.35058],[-81.14682,32.3517]]]},"properties":{"overlapId":"ov-desc-12-jasper-okatie-230-kv-2-construct--gpc-sertp26r-p53-sav-goshen-sav-mcintosh-115-kv","type":"Freshwater Forested/Shrub Wetland","attribute":"PFO1A","acres":2.94}},{"type":"Feature","geometry":{"type":"Polygon","coordinates":[[[-81.15695,32.34782],[-81.15642,32.34871],[-81.15547,32.34807],[-81.15695,32.34782]]]},"properties":{"overlapId":"ov-desc-12-jasper-okatie-230-kv-2-construct--gpc-sertp26r-p53-sav-goshen-sav-mcintosh-115-kv","type":"Freshwater Forested/Shrub Wetland","attribute":"PFO1C","acres":1.7}},{"type":"Feature","geometry":{"type":"Polygon","coordinates":[[[-81.14633,32.35081],[-81.14647,32.35104],[-81.14625,32.35085],[-81.14633,32.35081]]]},"properties":{"overlapId":"ov-desc-12-jasper-okatie-230-kv-2-construct--gpc-sertp26r-p53-sav-goshen-sav-mcintosh-115-kv","type":"Freshwater Forested/Shrub Wetland","attribute":"PFO1C","acres":0.05}},{"type":"Feature","geometry":{"type":"Polygon","coordinates":[[[-81.16162,32.35558],[-81.16114,32.35489],[-81.16095,32.35419],[-81.16114,32.35293],[-81.16179,32.35182],[-81.16207,32.35203],[-81.16239,32.35194],[-81.16262,32.35241],[-81.1628,32.35247],[-81.16221,32.35267],[-81.16222,32.35374],[-81.16201,32.3544],[-81.16259,32.35569],[-81.16241,32.35572],[-81.162,32.35539],[-81.16193,32.35557],[-81.16224,32.35601],[-81.16162,32.35558]]]},"properties":{"overlapId":"ov-desc-12-jasper-okatie-230-kv-2-construct--gpc-sertp26r-p53-sav-goshen-sav-mcintosh-115-kv","type":"Freshwater Forested/Shrub Wetland","attribute":"PFO1C","acres":10.12}},{"type":"Feature","geometry":{"type":"Polygon","coordinates":[[[-81.16179,32.36049],[-81.16234,32.35992],[-81.1624,32.35963],[-81.16346,32.35924],[-81.16389,32.35825],[-81.16377,32.35778],[-81.16391,32.35769],[-81.16405,32.35813],[-81.16343,32.35933],[-81.16248,32.35979],[-81.1618,32.3606],[-81.16122,32.36077],[-81.16179,32.36049]]]},"properties":{"overlapId":"ov-desc-12-jasper-okatie-230-kv-2-construct--gpc-sertp26r-p53-sav-goshen-sav-mcintosh-115-kv","type":"Freshwater Forested/Shrub Wetland","attribute":"PFO1C","acres":0.93}},{"type":"Feature","geometry":{"type":"Polygon","coordinates":[[[-81.16136,32.36077],[-81.16186,32.36065],[-81.16281,32.35964],[-81.16349,32.35938],[-81.16413,32.35815],[-81.16405,32.35768],[-81.16421,32.35791],[-81.16413,32.35845],[-81.16367,32.35951],[-81.16283,32.35983],[-81.16177,32.36081],[-81.16088,32.36125],[-81.16136,32.36077]]]},"properties":{"overlapId":"ov-desc-12-jasper-okatie-230-kv-2-construct--gpc-sertp26r-p53-sav-goshen-sav-mcintosh-115-kv","type":"Freshwater Forested/Shrub Wetland","attribute":"PFO1C","acres":2.01}},{"type":"Feature","geometry":{"type":"Polygon","coordinates":[[[-81.15292,32.35934],[-81.15263,32.35901],[-81.15223,32.35898],[-81.15159,32.35955],[-81.15137,32.35902],[-81.15052,32.35838],[-81.14948,32.35885],[-81.14805,32.35804],[-81.14774,32.35742],[-81.14773,32.35687],[-81.14804,32.35681],[-81.14837,32.35747],[-81.14861,32.35704],[-81.14815,32.35583],[-81.14697,32.3545],[-81.14554,32.35341],[-81.14477,32.35252],[-81.14439,32.3518],[-81.14619,32.35089],[-81.14647,32.35117],[-81.14664,32.35169],[-81.14642,32.35181],[-81.14632,32.35215],[-81.14745,32.3536],[-81.14802,32.35391],[-81.14961,32.35382],[-81.14963,32.3543],[-81.14856,32.35425],[-81.14849,32.35439],[-81.14892,32.35523],[-81.1498,32.3563],[-81.15,32.35672],[-81.15004,32.3575],[-81.15157,32.35765],[-81.15158,32.35777],[-81.15238,32.35808],[-81.15329,32.35808],[-81.15358,32.35855],[-81.15386,32.35855],[-81.15427,32.35781],[-81.15459,32.35844],[-81.15417,32.35884],[-81.15418,32.36022],[-81.15479,32.36205],[-81.15417,32.36153],[-81.15416,32.36086],[-81.1538,32.35962],[-81.15345,32.35937],[-81.15292,32.35934]]]},"properties":{"overlapId":"ov-desc-12-jasper-okatie-230-kv-2-construct--gpc-sertp26r-p53-sav-goshen-sav-mcintosh-115-kv","type":"Freshwater Forested/Shrub Wetland","attribute":"PFO1C","acres":48.84}},{"type":"Feature","geometry":{"type":"Polygon","coordinates":[[[-81.16583,32.3602],[-81.16606,32.35941],[-81.16596,32.35902],[-81.16617,32.35858],[-81.1655,32.35812],[-81.16511,32.35808],[-81.16463,32.35769],[-81.16403,32.35765],[-81.16428,32.35718],[-81.16532,32.35753],[-81.1664,32.35826],[-81.16649,32.35918],[-81.16629,32.36013],[-81.16661,32.36091],[-81.16594,32.36102],[-81.16583,32.3602]]]},"properties":{"overlapId":"ov-desc-12-jasper-okatie-230-kv-2-construct--gpc-sertp26r-p53-sav-goshen-sav-mcintosh-115-kv","type":"Freshwater Forested/Shrub Wetland","attribute":"PFO1C","acres":5.85}},{"type":"Feature","geometry":{"type":"Polygon","coordinates":[[[-81.16375,32.35979],[-81.16466,32.35978],[-81.16496,32.35949],[-81.1651,32.35953],[-81.16531,32.36024],[-81.16498,32.36047],[-81.16476,32.36089],[-81.16431,32.36114],[-81.16409,32.36095],[-81.16433,32.36083],[-81.16434,32.3606],[-81.16394,32.3605],[-81.16404,32.36008],[-81.16388,32.36006],[-81.16375,32.36006],[-81.16361,32.36058],[-81.16224,32.36101],[-81.16375,32.35979]]]},"properties":{"overlapId":"ov-desc-12-jasper-okatie-230-kv-2-construct--gpc-sertp26r-p53-sav-goshen-sav-mcintosh-115-kv","type":"Freshwater Forested/Shrub Wetland","attribute":"PSS1C","acres":4.76}},{"type":"Feature","geometry":{"type":"Polygon","coordinates":[[[-81.16005,32.3473],[-81.16047,32.3474],[-81.16063,32.34757],[-81.16015,32.34843],[-81.15831,32.34862],[-81.15728,32.34895],[-81.15642,32.34871],[-81.15675,32.34836],[-81.15695,32.34782],[-81.16005,32.3473]]]},"properties":{"overlapId":"ov-desc-12-jasper-okatie-230-kv-2-construct--gpc-sertp26r-p53-sav-goshen-sav-mcintosh-115-kv","type":"Freshwater Forested/Shrub Wetland","attribute":"PFO1A","acres":10.2}},{"type":"Feature","geometry":{"type":"MultiPolygon","coordinates":[[[[-81.1276,32.35276],[-81.1284,32.35561],[-81.12815,32.35567],[-81.12766,32.35546],[-81.12764,32.35579],[-81.12876,32.3569],[-81.12888,32.35798],[-81.12917,32.35776],[-81.12928,32.35786],[-81.12904,32.35837],[-81.12931,32.35868],[-81.12903,32.35892],[-81.12944,32.35878],[-81.12947,32.35897],[-81.12913,32.35923],[-81.1297,32.35936],[-81.12942,32.35969],[-81.12942,32.35987],[-81.12963,32.35993],[-81.12912,32.36057],[-81.12901,32.36536],[-81.12929,32.36556],[-81.12911,32.36657],[-81.12894,32.36672],[-81.12903,32.36711],[-81.12837,32.36702],[-81.12859,32.3661],[-81.12815,32.3658],[-81.12754,32.36586],[-81.12723,32.36634],[-81.12716,32.36683],[-81.12659,32.36679],[-81.12643,32.36646],[-81.12643,32.36626],[-81.12753,32.36521],[-81.12735,32.36397],[-81.12708,32.36341],[-81.12657,32.36307],[-81.12636,32.36226],[-81.12604,32.36212],[-81.12604,32.36166],[-81.1266,32.36153],[-81.12633,32.36093],[-81.12706,32.36001],[-81.12692,32.35786],[-81.12658,32.35742],[-81.12636,32.35741],[-81.12626,32.3576],[-81.12604,32.35746],[-81.12593,32.35614],[-81.12579,32.35586],[-81.12516,32.35556],[-81.12496,32.35519],[-81.12489,32.35468],[-81.12511,32.35403],[-81.12458,32.35404],[-81.12414,32.35449],[-81.12397,32.35432],[-81.12416,32.35409],[-81.12408,32.35335],[-81.12497,32.3532],[-81.12516,32.35332],[-81.12528,32.35315],[-81.1276,32.35276]],[[-81.12766,32.36071],[-81.12736,32.36072],[-81.12713,32.36094],[-81.12709,32.36168],[-81.12733,32.36186],[-81.12768,32.36178],[-81.12781,32.36135],[-81.12783,32.36087],[-81.12766,32.36071]]],[[[-81.12833,32.35298],[-81.12815,32.35281],[-81.12812,32.35267],[-81.1283,32.35264],[-81.12833,32.35298]]]]},"properties":{"overlapId":"ov-desc-12-jasper-okatie-230-kv-2-construct--gpc-sertp26r-p53-sav-goshen-sav-mcintosh-115-kv","type":"Freshwater Forested/Shrub Wetland","attribute":"PFO1C","acres":85.64}},{"type":"Feature","geometry":{"type":"MultiPolygon","coordinates":[[[[-81.06183,32.35976],[-81.05943,32.3596],[-81.05915,32.35911],[-81.05918,32.35889],[-81.05966,32.35876],[-81.05968,32.35864],[-81.05929,32.35834],[-81.05909,32.35787],[-81.05888,32.35785],[-81.05875,32.35848],[-81.05855,32.35859],[-81.0577,32.35814],[-81.05641,32.3581],[-81.05586,32.35763],[-81.05522,32.35773],[-81.05515,32.35796],[-81.0545,32.35799],[-81.05389,32.3574],[-81.05378,32.35701],[-81.0546,32.35694],[-81.05472,32.35662],[-81.05504,32.35645],[-81.05526,32.35655],[-81.05529,32.35688],[-81.05542,32.3569],[-81.05589,32.35653],[-81.05601,32.3562],[-81.05565,32.35585],[-81.05539,32.35583],[-81.05513,32.35608],[-81.05486,32.35604],[-81.05457,32.35624],[-81.05456,32.35584],[-81.05429,32.35577],[-81.05468,32.35559],[-81.05439,32.35537],[-81.05337,32.35556],[-81.05301,32.35585],[-81.05304,32.35625],[-81.05241,32.35633],[-81.05199,32.35609],[-81.05128,32.35616],[-81.05065,32.3556],[-81.05015,32.35553],[-81.05007,32.35596],[-81.0506,32.35632],[-81.05042,32.35722],[-81.05108,32.35757],[-81.05146,32.35798],[-81.05108,32.3584],[-81.05111,32.35872],[-81.05071,32.35906],[-81.05017,32.35899],[-81.04961,32.35811],[-81.04965,32.35789],[-81.04986,32.35775],[-81.05013,32.35779],[-81.05022,32.35759],[-81.05004,32.35741],[-81.04908,32.35727],[-81.04825,32.35819],[-81.04781,32.35796],[-81.04703,32.35796],[-81.04669,32.35814],[-81.0464,32.35888],[-81.04591,32.35885],[-81.04594,32.35856],[-81.04462,32.35798],[-81.04479,32.35772],[-81.0453,32.3577],[-81.04525,32.35716],[-81.04493,32.35665],[-81.04454,32.35634],[-81.04415,32.35662],[-81.0437,32.35662],[-81.0441,32.35564],[-81.04395,32.35555],[-81.044,32.35538],[-81.04431,32.35498],[-81.04489,32.35486],[-81.04499,32.3542],[-81.04573,32.35372],[-81.04589,32.35342],[-81.04667,32.35347],[-81.04637,32.35399],[-81.04597,32.35398],[-81.04596,32.35418],[-81.0465,32.35421],[-81.04726,32.35375],[-81.0478,32.35381],[-81.04798,32.35411],[-81.04871,32.35435],[-81.04979,32.35449],[-81.05007,32.35434],[-81.05043,32.35465],[-81.05201,32.35494],[-81.05407,32.35397],[-81.0556,32.35399],[-81.05656,32.35452],[-81.05685,32.3549],[-81.05696,32.3554],[-81.05733,32.35548],[-81.05734,32.35613],[-81.05799,32.35667],[-81.05866,32.35675],[-81.05914,32.35665],[-81.05945,32.35681],[-81.0598,32.3565],[-81.06094,32.35631],[-81.06106,32.35611],[-81.06176,32.35586],[-81.06263,32.35612],[-81.06286,32.35652],[-81.06266,32.35792],[-81.0621,32.35869],[-81.06185,32.35879],[-81.06206,32.359],[-81.06183,32.35976]],[[-81.04799,32.35707],[-81.04866,32.3571],[-81.04909,32.3569],[-81.04916,32.35598],[-81.04969,32.35553],[-81.04967,32.35542],[-81.04898,32.35536],[-81.049,32.35526],[-81.04906,32.35516],[-81.04947,32.35522],[-81.04961,32.35506],[-81.04726,32.35474],[-81.04655,32.35539],[-81.04557,32.35555],[-81.04548,32.35588],[-81.04572,32.35614],[-81.04587,32.3568],[-81.04616,32.35685],[-81.0463,32.35608],[-81.04652,32.35601],[-81.04684,32.35613],[-81.04706,32.3565],[-81.04784,32.35657],[-81.04726,32.35678],[-81.04721,32.35712],[-81.04767,32.35733],[-81.04794,32.35729],[-81.04799,32.35707]],[[-81.06035,32.35825],[-81.06067,32.35859],[-81.06107,32.35864],[-81.06154,32.35831],[-81.0616,32.35797],[-81.06129,32.35765],[-81.06071,32.35738],[-81.06056,32.35686],[-81.06134,32.3569],[-81.06162,32.35714],[-81.06156,32.35748],[-81.06181,32.35773],[-81.06199,32.35743],[-81.06182,32.35694],[-81.06087,32.35658],[-81.06033,32.35686],[-81.06004,32.35746],[-81.06035,32.35825]]],[[[-81.04291,32.35862],[-81.04307,32.35868],[-81.04272,32.35866],[-81.04291,32.35862]]]]},"properties":{"overlapId":"ov-desc-12-jasper-okatie-230-kv-2-construct--gpc-sertp26r-p53-sav-goshen-sav-mcintosh-115-kv","type":"Freshwater Forested/Shrub Wetland","attribute":"PFO4/1C","acres":117.06}},{"type":"Feature","geometry":{"type":"Polygon","coordinates":[[[-81.15,32.35672],[-81.14928,32.35554],[-81.14892,32.35523],[-81.14849,32.35439],[-81.14856,32.35425],[-81.1508,32.35437],[-81.1522,32.35469],[-81.15361,32.35576],[-81.15289,32.35603],[-81.15292,32.35637],[-81.15218,32.35681],[-81.15213,32.35751],[-81.15163,32.35753],[-81.15157,32.35765],[-81.15075,32.35749],[-81.15023,32.35758],[-81.15004,32.3575],[-81.15,32.35672]],[[-81.15274,32.35572],[-81.15292,32.3555],[-81.15273,32.35543],[-81.15251,32.35553],[-81.15274,32.35572]]]},"properties":{"overlapId":"ov-desc-12-jasper-okatie-230-kv-2-construct--gpc-sertp26r-p53-sav-goshen-sav-mcintosh-115-kv","type":"Freshwater Forested/Shrub Wetland","attribute":"PSS1C","acres":25.86}},{"type":"Feature","geometry":{"type":"Polygon","coordinates":[[[-81.12434,32.3579],[-81.1256,32.35737],[-81.12595,32.35741],[-81.12624,32.35765],[-81.12565,32.35796],[-81.12518,32.35782],[-81.12434,32.3579]],[[-81.12559,32.35747],[-81.12533,32.35779],[-81.12578,32.35775],[-81.12598,32.35753],[-81.12559,32.35747]]]},"properties":{"overlapId":"ov-desc-12-jasper-okatie-230-kv-2-construct--gpc-sertp26r-p53-sav-goshen-sav-mcintosh-115-kv","type":"Freshwater Pond","attribute":"PUBHx","acres":1.04}},{"type":"Feature","geometry":{"type":"Polygon","coordinates":[[[-81.14713,32.34948],[-81.14671,32.35003],[-81.14441,32.35104],[-81.14377,32.3511],[-81.14276,32.35083],[-81.14209,32.35033],[-81.14713,32.34948]]]},"properties":{"overlapId":"ov-desc-12-jasper-okatie-230-kv-2-construct--gpc-sertp26r-p53-sav-goshen-sav-mcintosh-115-kv","type":"Freshwater Forested/Shrub Wetland","attribute":"PFO1C","acres":9.34}},{"type":"Feature","geometry":{"type":"Polygon","coordinates":[[[-81.14086,32.35053],[-81.14158,32.35131],[-81.14289,32.35187],[-81.14337,32.35182],[-81.1439,32.35222],[-81.14456,32.35311],[-81.14377,32.35343],[-81.14366,32.35284],[-81.14314,32.35236],[-81.14243,32.35237],[-81.1419,32.35258],[-81.14052,32.35233],[-81.13987,32.35239],[-81.13936,32.35306],[-81.13919,32.35298],[-81.13922,32.35252],[-81.13966,32.352],[-81.1396,32.3516],[-81.14003,32.35152],[-81.13992,32.35128],[-81.14012,32.35101],[-81.13969,32.3508],[-81.13942,32.3511],[-81.13929,32.3508],[-81.14086,32.35053]]]},"properties":{"overlapId":"ov-desc-12-jasper-okatie-230-kv-2-construct--gpc-sertp26r-p53-sav-goshen-sav-mcintosh-115-kv","type":"Freshwater Forested/Shrub Wetland","attribute":"PFO1C","acres":14.49}},{"type":"Feature","geometry":{"type":"Polygon","coordinates":[[[-81.16265,32.35723],[-81.1621,32.35722],[-81.16056,32.3563],[-81.15973,32.355],[-81.1595,32.35413],[-81.15975,32.35258],[-81.16004,32.3523],[-81.16014,32.35167],[-81.16065,32.35096],[-81.16066,32.35059],[-81.16036,32.35021],[-81.15882,32.34987],[-81.15689,32.35006],[-81.15669,32.3505],[-81.15619,32.35099],[-81.15622,32.35127],[-81.15687,32.35142],[-81.15688,32.35172],[-81.15669,32.3519],[-81.1562,32.35193],[-81.1554,32.35177],[-81.15497,32.35145],[-81.15503,32.35096],[-81.15554,32.35055],[-81.15562,32.35077],[-81.15577,32.35074],[-81.15571,32.35042],[-81.15521,32.35024],[-81.15619,32.34969],[-81.15836,32.34947],[-81.15965,32.3496],[-81.16105,32.35016],[-81.16119,32.35093],[-81.16015,32.35249],[-81.15993,32.35371],[-81.16012,32.35469],[-81.16093,32.35608],[-81.16333,32.35736],[-81.16313,32.35753],[-81.16265,32.35723]],[[-81.15541,32.35094],[-81.15544,32.35136],[-81.1558,32.35175],[-81.15594,32.35125],[-81.15582,32.35101],[-81.15541,32.35094]]]},"properties":{"overlapId":"ov-desc-12-jasper-okatie-230-kv-2-construct--gpc-sertp26r-p53-sav-goshen-sav-mcintosh-115-kv","type":"Freshwater Forested/Shrub Wetland","attribute":"PFO1C","acres":20.15}},{"type":"Feature","geometry":{"type":"MultiPolygon","coordinates":[[[[-81.15269,32.36325],[-81.15222,32.3627],[-81.15222,32.36229],[-81.15119,32.35956],[-81.15091,32.35922],[-81.15025,32.35902],[-81.15005,32.35927],[-81.15086,32.35997],[-81.15131,32.36073],[-81.15117,32.36157],[-81.15124,32.36254],[-81.15161,32.36344],[-81.15119,32.3626],[-81.15091,32.36283],[-81.15081,32.36354],[-81.15063,32.3636],[-81.15083,32.36281],[-81.15116,32.36254],[-81.15117,32.36113],[-81.15107,32.36057],[-81.15058,32.35991],[-81.14794,32.35851],[-81.14743,32.35792],[-81.14721,32.35736],[-81.14719,32.35667],[-81.14746,32.35613],[-81.14736,32.35574],[-81.14547,32.35413],[-81.14387,32.35218],[-81.14337,32.35182],[-81.14289,32.35187],[-81.14173,32.35141],[-81.14087,32.35053],[-81.14209,32.35033],[-81.14276,32.35083],[-81.14333,32.35101],[-81.14441,32.35104],[-81.14671,32.35003],[-81.1471,32.34968],[-81.14712,32.34948],[-81.14801,32.34933],[-81.14734,32.35048],[-81.14791,32.35029],[-81.14889,32.3507],[-81.14931,32.3506],[-81.14974,32.35102],[-81.15045,32.35101],[-81.15123,32.35132],[-81.15164,32.35132],[-81.15204,32.35165],[-81.15376,32.3517],[-81.15427,32.35191],[-81.15456,32.35179],[-81.15483,32.3514],[-81.15491,32.35097],[-81.15555,32.35053],[-81.15498,32.35101],[-81.15491,32.35145],[-81.15462,32.35184],[-81.15427,32.35198],[-81.15375,32.35177],[-81.152,32.35171],[-81.15161,32.35139],[-81.1512,32.35139],[-81.15043,32.35109],[-81.14971,32.3511],[-81.14928,32.35067],[-81.14887,32.35077],[-81.14789,32.35036],[-81.14756,32.35058],[-81.14725,32.35049],[-81.14625,32.35085],[-81.14669,32.35143],[-81.14681,32.35223],[-81.14702,32.35248],[-81.14761,32.35232],[-81.15017,32.35263],[-81.15096,32.35235],[-81.15019,32.3527],[-81.14762,32.35239],[-81.14698,32.35255],[-81.14673,32.35225],[-81.14661,32.35145],[-81.14619,32.35089],[-81.14441,32.35178],[-81.14477,32.35252],[-81.14554,32.35341],[-81.14697,32.3545],[-81.14815,32.35583],[-81.14861,32.35704],[-81.14837,32.35747],[-81.14804,32.35681],[-81.14773,32.35687],[-81.14773,32.35739],[-81.14803,32.35802],[-81.14885,32.3586],[-81.14948,32.35885],[-81.15052,32.35838],[-81.15137,32.35902],[-81.15159,32.35955],[-81.15192,32.35916],[-81.15244,32.35895],[-81.15292,32.35934],[-81.15368,32.35944],[-81.15416,32.36086],[-81.1541,32.36129],[-81.15428,32.3617],[-81.15508,32.36226],[-81.15551,32.36278],[-81.15421,32.36174],[-81.15362,32.3595],[-81.15288,32.35941],[-81.15244,32.35902],[-81.15198,32.35922],[-81.15164,32.35961],[-81.15196,32.36007],[-81.15242,32.36166],[-81.15312,32.36318],[-81.15269,32.36325]],[[-81.15054,32.3585],[-81.15036,32.35885],[-81.15062,32.35874],[-81.15054,32.3585]],[[-81.15097,32.36029],[-81.15109,32.36042],[-81.15091,32.36017],[-81.15097,32.36029]],[[-81.15124,32.36082],[-81.15116,32.36056],[-81.1512,32.36077],[-81.15124,32.36082]]],[[[-81.1932,32.28518],[-81.19341,32.28455],[-81.19369,32.2843],[-81.19423,32.28425],[-81.19481,32.28434],[-81.19628,32.28496],[-81.19712,32.28488],[-81.19864,32.28518],[-81.19864,32.28527],[-81.19755,32.28508],[-81.19839,32.2892],[-81.19849,32.29001],[-81.19835,32.29048],[-81.19821,32.28875],[-81.19751,32.28517],[-81.19727,32.28497],[-81.19627,32.28503],[-81.19478,32.28441],[-81.19423,32.28432],[-81.19372,32.28437],[-81.19348,32.28458],[-81.19325,32.28524],[-81.19227,32.28533],[-81.1932,32.28518]]],[[[-81.18938,32.31193],[-81.1898,32.31127],[-81.19004,32.31121],[-81.19057,32.31149],[-81.19096,32.31129],[-81.19129,32.3113],[-81.19179,32.31146],[-81.19219,32.31176],[-81.19333,32.3119],[-81.19467,32.31162],[-81.19492,32.31143],[-81.19561,32.31124],[-81.19588,32.31088],[-81.19574,32.31041],[-81.19477,32.30989],[-81.19422,32.30932],[-81.19361,32.30833],[-81.19352,32.30786],[-81.19234,32.30614],[-81.19099,32.30472],[-81.19187,32.30544],[-81.19241,32.3061],[-81.1936,32.30782],[-81.19369,32.30831],[-81.19429,32.30929],[-81.19483,32.30983],[-81.1958,32.31036],[-81.19598,32.31084],[-81.19606,32.31077],[-81.19558,32.31133],[-81.19586,32.31144],[-81.19547,32.31136],[-81.19431,32.31181],[-81.19334,32.31198],[-81.19216,32.31182],[-81.19118,32.31135],[-81.19056,32.31156],[-81.19005,32.31128],[-81.18986,32.31132],[-81.18948,32.31196],[-81.1891,32.31203],[-81.18938,32.31193]]],[[[-81.18902,32.31229],[-81.19056,32.31444],[-81.1906,32.31473],[-81.19042,32.31532],[-81.18959,32.31597],[-81.19034,32.31529],[-81.1905,32.31459],[-81.18902,32.31229]]],[[[-81.18508,32.32531],[-81.18582,32.32612],[-81.1858,32.32618],[-81.18523,32.3257],[-81.18507,32.32537],[-81.18508,32.32531]]],[[[-81.16012,32.34732],[-81.16051,32.34733],[-81.16071,32.34757],[-81.16024,32.34843],[-81.16102,32.34869],[-81.1619,32.34959],[-81.1621,32.35119],[-81.16114,32.35293],[-81.16095,32.35419],[-81.16106,32.35473],[-81.16162,32.35558],[-81.16234,32.35609],[-81.16359,32.35605],[-81.16444,32.35626],[-81.16592,32.35574],[-81.16747,32.35585],[-81.16864,32.35544],[-81.17,32.35538],[-81.17227,32.35449],[-81.17277,32.35452],[-81.17345,32.35417],[-81.17469,32.3532],[-81.17589,32.35304],[-81.17658,32.3525],[-81.17759,32.35121],[-81.17696,32.35217],[-81.17623,32.3529],[-81.17575,32.35316],[-81.17468,32.35328],[-81.1735,32.35423],[-81.17286,32.35457],[-81.1723,32.35456],[-81.17001,32.35545],[-81.16866,32.35551],[-81.16748,32.35592],[-81.16593,32.35581],[-81.16452,32.35628],[-81.16595,32.35734],[-81.16661,32.35706],[-81.16634,32.3573],[-81.16636,32.35756],[-81.16712,32.35804],[-81.1674,32.35799],[-81.16743,32.35831],[-81.16768,32.3582],[-81.16799,32.35879],[-81.16775,32.35861],[-81.16791,32.35922],[-81.16757,32.35984],[-81.16769,32.36073],[-81.16661,32.36091],[-81.16629,32.36013],[-81.16649,32.35918],[-81.16638,32.35821],[-81.16466,32.35723],[-81.16386,32.35714],[-81.16416,32.35805],[-81.16349,32.35938],[-81.16254,32.35984],[-81.16186,32.36065],[-81.16021,32.36134],[-81.15906,32.36218],[-81.15913,32.36196],[-81.16017,32.36128],[-81.1618,32.3606],[-81.16248,32.35979],[-81.16343,32.35933],[-81.16407,32.35804],[-81.16375,32.35741],[-81.16377,32.35713],[-81.16245,32.35693],[-81.16093,32.35608],[-81.16012,32.35469],[-81.15993,32.35371],[-81.16015,32.35249],[-81.16119,32.35093],[-81.16105,32.35016],[-81.15965,32.3496],[-81.15836,32.34947],[-81.15619,32.34969],[-81.15521,32.35024],[-81.1554,32.35041],[-81.15441,32.35007],[-81.15429,32.34978],[-81.15471,32.3482],[-81.15546,32.34807],[-81.15607,32.34857],[-81.15726,32.34895],[-81.15831,32.34862],[-81.16015,32.34843],[-81.16063,32.34757],[-81.16012,32.34732]],[[-81.15468,32.34957],[-81.15476,32.34977],[-81.15497,32.34897],[-81.15468,32.34957]],[[-81.15525,32.34871],[-81.15505,32.34891],[-81.15486,32.34982],[-81.15529,32.34965],[-81.15536,32.34981],[-81.15545,32.34958],[-81.15577,32.3494],[-81.15556,32.34873],[-81.15525,32.34871]],[[-81.15956,32.34936],[-81.15861,32.34942],[-81.15946,32.34949],[-81.15956,32.34936]],[[-81.15955,32.34951],[-81.1606,32.34983],[-81.161,32.35006],[-81.16039,32.34952],[-81.15966,32.34938],[-81.15955,32.34951]]],[[[-81.18451,32.34497],[-81.18453,32.34422],[-81.18554,32.34282],[-81.1865,32.34238],[-81.18538,32.34314],[-81.18461,32.34425],[-81.18451,32.34497]]]]},"properties":{"overlapId":"ov-desc-12-jasper-okatie-230-kv-2-construct--gpc-sertp26r-p53-sav-goshen-sav-mcintosh-115-kv","type":"Riverine","attribute":"R2UBH","acres":112.7}}]}